
=== PERFECT FLAGS ===============================================================

PERFECT_BRANCH_PRED = 0
PERFECT_DCACHE      = 0
PERFECT_ICACHE      = 0
PERFECT_TRACE_CACHE = 1
ORACLE_DISAMBIG     = 0

=== STRUCTURES AND POLICIES =====================================================

FETCH QUEUE = 64
RENAMER:
   ACTIVE LIST = 256
   PHYSICAL REGISTER FILE = 320 (auto-sized w.r.t. Active List)
   BRANCH CHECKPOINTS = 32
SCHEDULER:
   ISSUE QUEUE = 64
   PARTITIONS = 4
   PRESTEER = 0
   IDEAL AGE-BASED = 0
LOAD/STORE UNIT:
   LOAD QUEUE = 128
   STORE QUEUE = 128
   MEMORY DEPENDENCE PREDICTOR: MDP-ctr (max ctr: 31)
   SPLIT STORES = 0

=== PIPELINE STAGE WIDTHS =======================================================

FETCH WIDTH = 8
DISPATCH WIDTH = 8
ISSUE WIDTH = 16
RETIRE WIDTH = 8

=== EXECUTION LANES =============================================================

        |latency |   BR   |   LS   |  ALU_S |  ALU_C | LS_FP  | ALU_FP |  MTF   |
        +--------+--------+--------+--------+--------+--------+--------+--------+
lane 0  |    3   |        |   x    |        |        |   x    |        |        |
lane 1  |    1   |   x    |        |   x    |        |        |        |   x    |
lane 2  |    3   |        |        |        |   x    |        |   x    |        |
lane 3  |    1   |   x    |        |   x    |        |        |        |   x    |
lane 4  |    1   |   x    |        |   x    |        |        |        |   x    |
lane 5  |    3   |        |   x    |        |        |   x    |        |        |
lane 6  |    1   |   x    |        |   x    |        |        |        |   x    |
lane 7  |    3   |        |        |        |   x    |        |   x    |        |
lane 8  |    3   |        |   x    |        |        |   x    |        |        |
lane 9  |    1   |   x    |        |   x    |        |        |        |   x    |
lane 10  |    3   |        |        |        |   x    |        |   x    |        |
lane 11  |    1   |   x    |        |   x    |        |        |        |   x    |
lane 12  |    1   |   x    |        |   x    |        |        |        |   x    |
lane 13  |    3   |        |   x    |        |        |   x    |        |        |
lane 14  |    1   |   x    |        |   x    |        |        |        |   x    |
lane 15  |    3   |        |        |        |   x    |        |   x    |        |

=== MEMORY HIERARCHY ============================================================

L1 I$:
   64 KB, 8-way set-associative, 64 B block size
   hit latency = 1 cycles (superseded by fetch unit's pipeline depth)
   MHSRs = 32
L1 D$:
   64 KB, 4-way set-associative, 64 B block size
   hit latency = 1 cycles (superseded by load/store lane's pipeline depth)
   MHSRs = 128
L2$:
   1 MB, 8-way set-associative, 64 B block size
   hit latency = 10 cycles 
   MHSRs = 128
L3$:
   8 MB, 16-way set-associative, 128 B block size
   hit latency = 30 cycles 
   MHSRs = 128
   miss latency = 100 cycles

=== BRANCH PREDICTOR ============================================================

BQ_SIZE = 352 (auto-sized)
BTB_ENTRIES = 8192
BTB_ASSOC = 4
RAS_SIZE = 64
RAS_RECOVER_MODEL = RAS_RECOVER_TOS_POINTER_AND_CONTENT
COND_BRANCH_PRED_PER_CYCLE = 3
CBP_ALGORITHM = gshare
CBP_PC_LENGTH = 20
CBP_BHR_LENGTH = 16
IBP_PC_LENGTH = 20
IBP_BHR_LENGTH = 16
ENABLE_TRACE_CACHE = 1

=== VALUE PREDICTOR ============================================================

VP-eligible configuration:
   predINTALU = 1 
   predFPALU  = 0 
   predLOAD   = 1 

VALUE PREDICTOR = stride (Project 4 spec. implementation)
   VPQsize             = 300 
   oracleconf          = 0 (real confidence)
   # index bits        = 7 
   # tag bits          = 10 
   confmax             = 31 

COST ACCOUNTING
	One SVP entry:
		tag              :  10 bits  // num_tag_bits
		conf             :   5 bits  // formula: (uint64_t)ceil(log2((double)(confmax+1)))
		retired_value    :  64 bits  // RISCV64 integer size.
		stride           :  64 bits  // RISCV64 integer size. Competition opportunity: truncate stride to far fewer bits based on stride distribution of stride-predictable instructions.
		instance ctr     :   9 bits  // formula: (uint64_t)ceil(log2((double)VPQsize))
		-------------------------
		bits/SVP entry   : 152 bits
	Total storage cost (bits) = (128 SVP entries x 152 bits/SVP entry) = 19456 bits
	Total storage cost (bytes) = 2432.00 B (2.38 KB)

=== INTERNAL SIMULATOR STRUCTURES ===============================================

PAYLOAD_BUFFER_SIZE = 1024

=== END CONFIGURATION ===========================================================

-------- DEBUG: retired instruction count = 1000
SVP entry #:   tag(hex)   conf   retired_value   stride   instance    insn_num
          0:         0      0                0          0          0      1000
          1:         0      0                0          0          0      1000
          2:         0      0                0          0          0      1000
          3:         0      0                0          0          0      1000
          4:         0      0                0          0          0      1000
          5:         0      0                0          0          0      1000
          6:        a8      0              346          1          0      1000
          7:        a8      0             1796          0          0      1000
          8:        a8      0              346          1          0      1000
          9:        a8      0             1796          0          0      1000
         10:        a8      0             2047          0          0      1000
         11:        a8      0  18446744073709551269         -1          0      1000
         12:        a8      0  18446744073709549819          0          0      1000
         13:        a8      0  18446744073709551615          0          0      1000
         14:        a8      0  18446744073709551615          0          0      1000
         15:        a8      0              346          1          0      1000
         16:        a8      0             1796          0          0      1000
         17:        a9      6             2688          0          0      1000
         18:        a8      0              348        348          3      1000
         19:        a8      0             1798       1798          2      1000
         20:        a8      0              346        346          2      1000
         21:        a8      0             1796       1796          2      1000
         22:        a9      0             1797          1          0      1000
         23:        a8      0              348        348          2      1000
         24:        a8      0             4096       4096          1      1000
         25:        a8      0           709176          0          0      1000
         26:        a8      0             2047          0          0      1000
         27:        a8      0             1798          0          0      1000
         28:        a8      0             2047          0          0      1000
         29:         0      0                0          0          0      1000
         30:        a8      0             1798          0          0      1000
         31:        a8      0             1798          0          0      1000
         32:        a8      0         77883344   77883344          0      1000
         33:        a9      6              168          0          0      1000
         34:        a8      0          9998336          0          0      1000
         35:        a8      0             4096          0          0      1000
         36:        a8      0             1799          0          0      1000
         37:        a8      0                1          0          0      1000
         38:        a8      0         10000000          0          0      1000
         39:        a8      0              349          1          0      1000
         40:        a8      0           709176          0          0      1000
         41:         0      0                0          0          0      1000
         42:        a8      1              346          0          0      1000
         43:         0      0                0          0          0      1000
         44:         0      0                0          0          0      1000
         45:        a8      0          3682304       2048          2      1000
         46:        a8     12               87          0          2      1000
         47:        a8      0          3682650       2046          2      1000
         48:        a8      0         81565994       2046          2      1000
         49:        a8      0         14730600       8184          2      1000
         50:        a8      0        130816184       8184          2      1000
         51:        a8      0               82          0          2      1000
         52:         0      0                0          0          0      1000
         53:        a8      0            16022          1          0      1000
         54:         0      0                0          0          0      1000
         55:        a8      0            16021          0          0      1000
         56:        a8      1                0          0          0      1000
         57:         0      0                0          0          0      1000
         58:        a8      0                1          1          2      1000
         59:        a8      0              346        346          2      1000
         60:        a8      0             1798       1798          2      1000
         61:        a8      0           705081     705081          2      1000
         62:        a8      0                1          1          2      1000
         63:        a8      0           705080     705080          2      1000
         64:         0      0                0          0          0      1000
         65:         0      0                0          0          0      1000
         66:        a8      3         77883344          0          3      1000
         67:        a8      3             2048          0          3      1000
         68:        a8      0        116085584  116085584          3      1000
         69:        a8      0              349        349          3      1000
         70:        a7      2              348          1          3      1000
         71:        a8      0             1798       1798          1      1000
         72:        a7      0         81563948      -2047          3      1000
         73:        a7      3                1          0          3      1000
         74:        a7      3           705081          0          6      1000
         75:        a7      3                1          0          6      1000
         76:        a7      3            15768          0          6      1000
         77:        a7      4                0          0          6      1000
         78:        a7      4                0          0          3      1000
         79:        a7      0            15768      15768          4      1000
         80:        a7      0              152        152          4      1000
         81:        a7      0              152        152          4      1000
         82:        a7      0             2432       2432          4      1000
         83:        a7      0           707512     707512          4      1000
         84:        a7      0             1070       1070          4      1000
         85:        a7      0             4096       4096          4      1000
         86:        a8      0                1          1          0      1000
         87:         0      0                0          0          0      1000
         88:        a8      0            16022      16022          0      1000
         89:         0      0                0          0          0      1000
         90:         0      0                0          0          0      1000
         91:         0      0                0          0          0      1000
         92:        a8      0             4096       4096          0      1000
         93:        a7      0         99809424   99809424          3      1000
         94:        a7      0             8560       8560          3      1000
         95:        a7      3             1071          1          3      1000
         96:        a7      3         99817984          8          3      1000
         97:         0      0                0          0          0      1000
         98:         0      0                0          0          0      1000
         99:        a7      3            86280          0          3      1000
        100:        a8      5            86632          0          0      1000
        101:        a7      0            16021      16021          3      1000
        102:        a7      0           709176     709176          3      1000
        103:        a7      0              346        346          3      1000
        104:        a7      0        535742832  535742832          3      1000
        105:        a8      5             1420          0          0      1000
        106:        a7      0        535742832  535742832          5      1000
        107:        a8      5  18446744073709547216          0          0      1000
        108:        a7      0           705080     705080          4      1000
        109:        a7      0             4096       4096          4      1000
        110:        a7      0           709176     709176          4      1000
        111:        a7      0             2048       2048          4      1000
        112:        a8      5           709176          0          0      1000
        113:        a7      0             1797       1797          4      1000
        114:        a7      0          3680256       2048          0      1000
        115:        a7      6        116085584          0          0      1000
        116:         0      0                0          0          0      1000
        117:        a7      0              347          3          0      1000
        118:        a7      6               87          0          0      1000
        119:         0      0                0          0          0      1000
        120:         0      0                0          0          0      1000
        121:         0      0                0          0          0      1000
        122:         0      0                0          0          0      1000
        123:         0      0                0          0          0      1000
        124:        a7      0          3680603       2051          0      1000
        125:        a7      0         14722412       8204          0      1000
        126:        a7      0        130807996       8204          0      1000
        127:        a7      0               82         -5          0      1000
VPQ entry #:   PC(hex)   PCtag(hex)   PCindex(hex)
        116:     14ee8             a7              3a
        117:     14eec             a7              3b
        118:     14ef0             a7              3c
        119:     14ef4             a7              3d
        120:     14ef8             a7              3e
        121:     14efc             a7              3f
        122:     14f10             a7              44
        123:     14f14             a7              45
        124:     14f18             a7              46
        125:     14f1c             a7              47
        126:     14f20             a7              48
        127:     14f24             a7              49
        128:     14f28             a7              4a
        129:     14f2c             a7              4b
        130:     14f30             a7              4c
        131:     14f34             a7              4d
        132:     14f38             a7              4e
        133:     14f3c             a7              4f
        134:     14f40             a7              50
        135:     14f44             a7              51
        136:     14f48             a7              52
        137:     14f4c             a7              53
        138:     14f50             a7              54
        139:     14f54             a7              55
        140:     14f74             a7              5d
        141:     14f78             a7              5e
        142:     14f7c             a7              5f
        143:     14f80             a7              60
        144:     14f8c             a7              63
        145:     14f94             a7              65
        146:     14f98             a7              66
        147:     14f9c             a7              67
        148:     14fa0             a7              68
        149:     15108             a8              42
        150:     1510c             a8              43
        151:     15110             a8              44
        152:     15114             a8              45
        153:     150b4             a8              2d
        154:     150b8             a8              2e
        155:     150bc             a8              2f
        156:     150c0             a8              30
        157:     150c4             a8              31
        158:     150c8             a8              32
        159:     150cc             a8              33
        160:     150e8             a8              3a
        161:     150ec             a8              3b
        162:     150f0             a8              3c
        163:     150f4             a8              3d
        164:     150f8             a8              3e
        165:     150fc             a8              3f
        166:     14ee8             a7              3a
        167:     14eec             a7              3b
        168:     14ef0             a7              3c
        169:     14ef4             a7              3d
        170:     14ef8             a7              3e
        171:     14efc             a7              3f
        172:     14f10             a7              44
        173:     14f14             a7              45
        174:     14f18             a7              46
        175:     14f1c             a7              47
        176:     14f20             a7              48
        177:     14f24             a7              49
        178:     14f28             a7              4a
        179:     14f2c             a7              4b
        180:     14f30             a7              4c
        181:     14f34             a7              4d
        182:     14f38             a7              4e
        183:     14f3c             a7              4f
        184:     14f40             a7              50
        185:     14f44             a7              51
        186:     14f48             a7              52
        187:     14f4c             a7              53
        188:     14f50             a7              54
        189:     14f54             a7              55
        190:     14f74             a7              5d
        191:     14f78             a7              5e
        192:     14f7c             a7              5f
        193:     14f80             a7              60
        194:     14f8c             a7              63
        195:     14f94             a7              65
        196:     14f98             a7              66
        197:     14f9c             a7              67
        198:     14fa0             a7              68
        199:     15108             a8              42
        200:     1510c             a8              43
        201:     15110             a8              44
        202:     15114             a8              45
        203:     150b4             a8              2d
        204:     150b8             a8              2e
        205:     150bc             a8              2f
        206:     150c0             a8              30
        207:     150c4             a8              31
        208:     150c8             a8              32
        209:     150cc             a8              33
        210:     150e8             a8              3a
        211:     150ec             a8              3b
        212:     150f0             a8              3c
        213:     150f4             a8              3d
        214:     150f8             a8              3e
        215:     150fc             a8              3f
        216:     14ee8             a7              3a
        217:     14eec             a7              3b
        218:     14ef0             a7              3c
        219:     14ef4             a7              3d
        220:     14ef8             a7              3e
        221:     14efc             a7              3f
        222:     14f10             a7              44
        223:     14f14             a7              45
        224:     14f18             a7              46
        225:     14f1c             a7              47
        226:     14f20             a7              48
        227:     14f24             a7              49
        228:     14f28             a7              4a
        229:     14f2c             a7              4b
        230:     14f30             a7              4c
        231:     14f34             a7              4d
        232:     14f38             a7              4e
        233:     14f3c             a7              4f
        234:     14f40             a7              50
        235:     14f44             a7              51
        236:     14f48             a7              52
        237:     14f4c             a7              53
        238:     14f50             a7              54
        239:     14f54             a7              55
        240:     14f74             a7              5d
        241:     14f78             a7              5e
        242:     14f7c             a7              5f
        243:     14f80             a7              60
        244:     14f8c             a7              63
        245:     14f94             a7              65
        246:     14f98             a7              66
        247:     14f9c             a7              67
        248:     14fa0             a7              68
        249:     15108             a8              42
        250:     1510c             a8              43
        251:     15110             a8              44
        252:     15114             a8              45
        253:     1511c             a8              47
        254:     1513c             a8              4f
        255:     15140             a8              50
        256:     15144             a8              51
        257:     15148             a8              52
        258:     1514c             a8              53
        259:     15150             a8              54
        260:     15154             a8              55
-------- DEBUG: retired instruction count = 2000
SVP entry #:   tag(hex)   conf   retired_value   stride   instance    insn_num
          0:         0      0                0          0          0      2000
          1:         0      0                0          0          0      2000
          2:         0      0                0          0          0      2000
          3:         0      0                0          0          0      2000
          4:         0      0                0          0          0      2000
          5:         0      0                0          0          0      2000
          6:        a8      1              347          1          1      2000
          7:        a8      1             1796          0          1      2000
          8:        a8      1              347          1          1      2000
          9:        a8      1             1796          0          1      2000
         10:        a8      1             2047          0          1      2000
         11:        a8      1  18446744073709551268         -1          1      2000
         12:        a8      1  18446744073709549819          0          1      2000
         13:        a8      1  18446744073709551615          0          1      2000
         14:        a8      1  18446744073709551615          0          1      2000
         15:        a8      1              347          1          1      2000
         16:        a8      1             1796          0          1      2000
         17:        a9     14             2688          0          0      2000
         18:        a9      2           707768          0          1      2000
         19:        a9      2         92868880          0          1      2000
         20:        a9      2           705080          0          1      2000
         21:        a9      2         92878320         -8          1      2000
         22:        a9      0             1797          1          0      2000
         23:        a9      0              349          3          1      2000
         24:        a9      2             9432         -8          1      2000
         25:        a8      1           709176          0          1      2000
         26:        a8      1             2047          0          1      2000
         27:        a8      1             1798          0          1      2000
         28:        a8      1             2047          0          1      2000
         29:         0      0                0          0          0      2000
         30:        a8      1             1798          0          1      2000
         31:        a8      1             1798          0          1      2000
         32:        a9      2              151          0          2      2000
         33:        a9     14              168          0          0      2000
         34:        a8      1          9998336          0          1      2000
         35:        a8      1             4096          0          1      2000
         36:        a8      1             1799          0          1      2000
         37:        a8      1                1          0          1      2000
         38:        a8      1         10000000          0          1      2000
         39:        a8      1              350          1          1      2000
         40:        a8      1           709176          0          1      2000
         41:         0      0                0          0          0      2000
         42:        a8      1              347          0          0      2000
         43:         0      0                0          0          0      2000
         44:         0      0                0          0          0      2000
         45:        a8      1          3682304          0          0      2000
         46:        a8     22               87          0          0      2000
         47:        a8      1          3682653          1          0      2000
         48:        a8      1         81565997          1          0      2000
         49:        a8      1         14730612          4          0      2000
         50:        a8      1        130816196          4          0      2000
         51:        a8      2               82          0          0      2000
         52:         0      0                0          0          0      2000
         53:        a8      0            16022          1          0      2000
         54:         0      0                0          0          0      2000
         55:        a8      1            16021          0          0      2000
         56:        a8      2                0          0          0      2000
         57:         0      0                0          0          0      2000
         58:        a7      0             4096       4096          0      2000
         59:        a7      0           709176     709176          0      2000
         60:        a7      0             2048       2048          0      2000
         61:        a7      0         77883344   77883344          0      2000
         62:        a7      0        535742800  535742800          0      2000
         63:        a7      0          3682304    3682304          0      2000
         64:         0      0                0          0          0      2000
         65:         0      0                0          0          0      2000
         66:        a8     10         77883344          0          0      2000
         67:        a8     10             2048          0          0      2000
         68:        a8      0        116085584  116085584          0      2000
         69:        a8      0              350        350          0      2000
         70:        a7      1              349          1          0      2000
         71:        a8      0             1799       1799          7      2000
         72:        a7      1         81565997          1          0      2000
         73:        a7     10                1          0          0      2000
         74:        a7     10           705081          0          3      2000
         75:        a7     10                1          0          3      2000
         76:        a7     10            15768          0          3      2000
         77:        a7     11                0          0          3      2000
         78:        a7     11                0          0          0      2000
         79:        a8      0          3680256    3680256          0      2000
         80:        a8      0          3680604    3680604          0      2000
         81:        a8      0         81563948   81563948          0      2000
         82:        a8      0                1          1          0      2000
         83:        a8      0         14722416   14722416          0      2000
         84:        a8      0        130808000  130808000          0      2000
         85:        a8      0           705081     705081          0      2000
         86:        a8      1                1          0          0      2000
         87:         0      0                0          0          0      2000
         88:        a8      1            16022          0          0      2000
         89:         0      0                0          0          0      2000
         90:         0      0                0          0          0      2000
         91:         0      0                0          0          0      2000
         92:        a8      1             4096          0          0      2000
         93:        a8      0           709176     709176          0      2000
         94:        a8      0             1857       1857          0      2000
         95:        a7     10             1078          1          0      2000
         96:        a7     10         99818040          8          0      2000
         97:         0      0                0          0          0      2000
         98:         0      0                0          0          0      2000
         99:        a7     10            86280          0          0      2000
        100:        a8     13            86632          0          0      2000
        101:        a8      2             9440         -8          0      2000
        102:        a8      2           705080          0          0      2000
        103:        a8      2           709176          0          0      2000
        104:        a8      2  18446744073709551608          0          0      2000
        105:        a8     13             1420          0          0      2000
        106:        a7      0        535742832  535742832          0      2000
        107:        a8     13  18446744073709547216          0          0      2000
        108:        a7      0           705080     705080          0      2000
        109:        a7      0             4096       4096          0      2000
        110:        a8      0             1857       1857          0      2000
        111:        a8      0        535743116  535743116          0      2000
        112:        a8     13           709176          0          0      2000
        113:        a8      0        535742944  535742944          0      2000
        114:        a7      0          3678208      -2048          1      2000
        115:        a7     13        116085584          0          1      2000
        116:         0      0                0          0          0      2000
        117:        a7      0              346          0          1      2000
        118:        a7     13               87          0          1      2000
        119:         0      0                0          0          0      2000
        120:         0      0                0          0          0      2000
        121:         0      0                0          0          0      2000
        122:         0      0                0          0          0      2000
        123:         0      0                0          0          0      2000
        124:        a7      0          3678554      -2048          1      2000
        125:        a7      0         14714216      -8192          1      2000
        126:        a7      0        130799800      -8192          1      2000
        127:        a7      1               87          0          1      2000
VPQ entry #:   PC(hex)   PCtag(hex)   PCindex(hex)
        247:     14fb8             a7              6e
        248:     14fbc             a7              6f
        249:     14fc4             a7              71
        250:     14fc8             a7              72
        251:     14fcc             a7              73
        252:     14fd4             a7              75
        253:     14fd8             a7              76
        254:     14ff0             a7              7c
        255:     14ff4             a7              7d
        256:     14ff8             a7              7e
        257:     14ffc             a7              7f
        258:     15018             a8               6
        259:     1501c             a8               7
        260:     15020             a8               8
        261:     15024             a8               9
        262:     15028             a8               a
        263:     1502c             a8               b
        264:     15030             a8               c
        265:     15034             a8               d
        266:     15038             a8               e
        267:     1503c             a8               f
        268:     15040             a8              10
        269:     15048             a8              12
        270:     1504c             a8              13
        271:     15050             a8              14
        272:     15054             a8              15
        273:     1505c             a8              17
        274:     15060             a8              18
        275:     15064             a8              19
        276:     15068             a8              1a
        277:     1506c             a8              1b
        278:     15070             a8              1c
        279:     15078             a8              1e
        280:     1507c             a8              1f
        281:     15080             a8              20
        282:     15088             a8              22
        283:     1508c             a8              23
        284:     15090             a8              24
        285:     15094             a8              25
        286:     15098             a8              26
        287:     1509c             a8              27
        288:     150a0             a8              28
        289:     1511c             a8              47
        290:     1511c             a8              47
        291:     1511c             a8              47
        292:     1511c             a8              47
        293:     1511c             a8              47
        294:     1511c             a8              47
        295:     1511c             a8              47
-------- DEBUG: retired instruction count = 3000
SVP entry #:   tag(hex)   conf   retired_value   stride   instance    insn_num
          0:         0      0                0          0          0      3000
          1:         0      0                0          0          0      3000
          2:         0      0                0          0          0      3000
          3:         0      0                0          0          0      3000
          4:         0      0                0          0          0      3000
          5:         0      0                0          0          0      3000
          6:        a8      3              349          1          0      3000
          7:        a8      3             1796          0          0      3000
          8:        a8      3              349          1          0      3000
          9:        a8      3             1796          0          0      3000
         10:        a8      3             2047          0          0      3000
         11:        a8      3  18446744073709551266         -1          0      3000
         12:        a8      3  18446744073709549819          0          0      3000
         13:        a8      3  18446744073709551615          0          0      3000
         14:        a8      3  18446744073709551615          0          0      3000
         15:        a8      3              349          1          0      3000
         16:        a8      3             1796          0          0      3000
         17:        a9     18             2688          0          3      3000
         18:        a8      0              351        351          3      3000
         19:        a8      0             1798       1798          3      3000
         20:        a8      0              349        349          3      3000
         21:        a8      0             1796       1796          3      3000
         22:        a9      0             1797          1          3      3000
         23:        a8      0              351        351          3      3000
         24:        a8      0             4096       4096          3      3000
         25:        a8      3           709176          0          0      3000
         26:        a8      3             2047          0          0      3000
         27:        a8      3             1798          0          0      3000
         28:        a8      3             2047          0          0      3000
         29:         0      0                0          0          0      3000
         30:        a8      3             1798          0          0      3000
         31:        a8      3             1798          0          0      3000
         32:        a8      0         77883344   77883344          3      3000
         33:        a9     18              168          0          3      3000
         34:        a8      3          9998336          0          0      3000
         35:        a8      3             4096          0          0      3000
         36:        a8      3             1799          0          0      3000
         37:        a8      3                1          0          0      3000
         38:        a8      3         10000000          0          0      3000
         39:        a8      3              352          1          0      3000
         40:        a8      3           709176          0          0      3000
         41:         0      0                0          0          0      3000
         42:        a8      1              349          0          0      3000
         43:         0      0                0          0          0      3000
         44:         0      0                0          0          0      3000
         45:        a8      1          3682304          0          0      3000
         46:        a8     31               87          0          0      3000
         47:        a8      1          3682655          1          0      3000
         48:        a8      1         81565999          1          0      3000
         49:        a8      1         14730620          4          0      3000
         50:        a8      1        130816204          4          0      3000
         51:        a8      2               82          0          0      3000
         52:         0      0                0          0          0      3000
         53:        a8      0            16022          1          0      3000
         54:         0      0                0          0          0      3000
         55:        a8      3            16021          0          0      3000
         56:        a8      4                0          0          0      3000
         57:         0      0                0          0          0      3000
         58:        a7      0             4096       4096          0      3000
         59:        a7      0           709176     709176          0      3000
         60:        a7      0             2048       2048          0      3000
         61:        a7      0         77883344   77883344          0      3000
         62:        a7      0        535742800  535742800          0      3000
         63:        a7      0          3682304    3682304          0      3000
         64:         0      0                0          0          0      3000
         65:         0      0                0          0          0      3000
         66:        a8     18         77883344          0          0      3000
         67:        a8     18             2048          0          0      3000
         68:        a8      0        116085584  116085584          0      3000
         69:        a8      0              352        352          0      3000
         70:        a7      1              351          1          0      3000
         71:        a8      0             1799       1799          0      3000
         72:        a7      1         81565999          1          0      3000
         73:        a7     18                1          0          0      3000
         74:        a7     18           705081          0          1      3000
         75:        a7     18                1          0          1      3000
         76:        a7     18            15768          0          1      3000
         77:        a7     19                0          0          1      3000
         78:        a7     19                0          0          0      3000
         79:        a8      0          3680256    3680256          0      3000
         80:        a8      0          3680606    3680606          0      3000
         81:        a8      0         81563950   81563950          0      3000
         82:        a8      0                1          1          0      3000
         83:        a8      0         14722424   14722424          0      3000
         84:        a8      0        130808008  130808008          0      3000
         85:        a7      2             4096          0          1      3000
         86:        a8      2                1          0          1      3000
         87:         0      0                0          0          0      3000
         88:        a8      2            16022          0          1      3000
         89:         0      0                0          0          0      3000
         90:         0      0                0          0          0      3000
         91:         0      0                0          0          0      3000
         92:        a8      2             4096          0          1      3000
         93:        a7      2         99809424          0          1      3000
         94:        a7      2             8680          8          1      3000
         95:        a7     18             1086          1          0      3000
         96:        a7     18         99818104          8          0      3000
         97:         0      0                0          0          0      3000
         98:         0      0                0          0          0      3000
         99:        a7     18            86280          0          0      3000
        100:        a8     17            86632          0          3      3000
        101:        a7      2            16021          0          3      3000
        102:        a7      2           709176          0          3      3000
        103:        a7      2              349          0          3      3000
        104:        a7      2        535742832          0          3      3000
        105:        a8     17             1420          0          3      3000
        106:        a7      0        535742832  535742832          7      3000
        107:        a8     17  18446744073709547216          0          3      3000
        108:        a7      0           705080     705080          7      3000
        109:        a7      0             4096       4096          7      3000
        110:        a7      0           709176     709176          7      3000
        111:        a7      0             2048       2048          6      3000
        112:        a8     17           709176          0          3      3000
        113:        a7      0             1797       1797          6      3000
        114:        a7      0          3680256       2048          3      3000
        115:        a7     18        116085584          0          3      3000
        116:         0      0                0          0          0      3000
        117:        a7      0              350          3          3      3000
        118:        a7     18               87          0          3      3000
        119:         0      0                0          0          0      3000
        120:         0      0                0          0          0      3000
        121:         0      0                0          0          0      3000
        122:         0      0                0          0          0      3000
        123:         0      0                0          0          0      3000
        124:        a7      0          3680606       2051          2      3000
        125:        a7      0         14722424       8204          2      3000
        126:        a7      0        130808008       8204          2      3000
        127:        a7      0               82         -5          2      3000
VPQ entry #:   PC(hex)   PCtag(hex)   PCindex(hex)
         80:     15154             a8              55
         81:     15158             a8              56
         82:     15160             a8              58
         83:     15170             a8              5c
         84:     15174             a8              5d
         85:     15178             a8              5e
         86:     15190             a8              64
         87:     15194             a8              65
         88:     15198             a8              66
         89:     1519c             a8              67
         90:     151a0             a8              68
         91:     151a4             a8              69
         92:     151a8             a8              6a
         93:     151ac             a8              6b
         94:     151b0             a8              6c
         95:     151b4             a8              6d
         96:     151b8             a8              6e
         97:     151bc             a8              6f
         98:     151c0             a8              70
         99:     151c4             a8              71
        100:     15280             a9              20
        101:     15284             a9              21
        102:     15244             a9              11
        103:     15248             a9              12
        104:     1524c             a9              13
        105:     15250             a9              14
        106:     15254             a9              15
        107:     15258             a9              16
        108:     1525c             a9              17
        109:     15260             a9              18
        110:     14fa8             a7              6a
        111:     14fb0             a7              6c
        112:     14fb4             a7              6d
        113:     14fb8             a7              6e
        114:     14fbc             a7              6f
        115:     14fc4             a7              71
        116:     14fc8             a7              72
        117:     14fcc             a7              73
        118:     14fd4             a7              75
        119:     14fd8             a7              76
        120:     14ff0             a7              7c
        121:     14ff4             a7              7d
        122:     14ff8             a7              7e
        123:     14ffc             a7              7f
        124:     15190             a8              64
        125:     15194             a8              65
        126:     15198             a8              66
        127:     1519c             a8              67
        128:     151a0             a8              68
        129:     151a4             a8              69
        130:     151a8             a8              6a
        131:     151ac             a8              6b
        132:     151b0             a8              6c
        133:     151b4             a8              6d
        134:     151b8             a8              6e
        135:     151bc             a8              6f
        136:     151c0             a8              70
        137:     151c4             a8              71
        138:     15280             a9              20
        139:     15284             a9              21
        140:     15244             a9              11
        141:     15248             a9              12
        142:     1524c             a9              13
        143:     15250             a9              14
        144:     15254             a9              15
        145:     15258             a9              16
        146:     1525c             a9              17
        147:     15260             a9              18
        148:     14fa8             a7              6a
        149:     14fb0             a7              6c
        150:     14fb4             a7              6d
        151:     14fb8             a7              6e
        152:     14fbc             a7              6f
        153:     14fc4             a7              71
        154:     14fc8             a7              72
        155:     14fcc             a7              73
        156:     14fd4             a7              75
        157:     14fd8             a7              76
        158:     14ff0             a7              7c
        159:     14ff4             a7              7d
        160:     14ff8             a7              7e
        161:     14ffc             a7              7f
        162:     15190             a8              64
        163:     15194             a8              65
        164:     15198             a8              66
        165:     1519c             a8              67
        166:     151a0             a8              68
        167:     151a4             a8              69
        168:     151a8             a8              6a
        169:     151ac             a8              6b
        170:     151b0             a8              6c
        171:     151b4             a8              6d
        172:     151b8             a8              6e
        173:     151bc             a8              6f
        174:     151c0             a8              70
        175:     151c4             a8              71
        176:     15280             a9              20
        177:     15284             a9              21
        178:     15244             a9              11
        179:     15248             a9              12
        180:     1524c             a9              13
        181:     15250             a9              14
        182:     15254             a9              15
        183:     15258             a9              16
        184:     1525c             a9              17
        185:     15260             a9              18
        186:     14fa8             a7              6a
        187:     14fb0             a7              6c
        188:     14fb4             a7              6d
        189:     14fb8             a7              6e
        190:     14fbc             a7              6f
        191:     14fc4             a7              71
        192:     14fc8             a7              72
        193:     14fcc             a7              73
        194:     14fd4             a7              75
        195:     14fd8             a7              76
-------- DEBUG: retired instruction count = 4000
SVP entry #:   tag(hex)   conf   retired_value   stride   instance    insn_num
          0:         0      0                0          0          0      4000
          1:         0      0                0          0          0      4000
          2:         0      0                0          0          0      4000
          3:         0      0                0          0          0      4000
          4:         0      0                0          0          0      4000
          5:         0      0                0          0          0      4000
          6:        a8      5              351          1          0      4000
          7:        a8      5             1796          0          0      4000
          8:        a8      5              351          1          0      4000
          9:        a8      5             1796          0          0      4000
         10:        a8      5             2047          0          0      4000
         11:        a8      5  18446744073709551264         -1          0      4000
         12:        a8      5  18446744073709549819          0          0      4000
         13:        a8      5  18446744073709551615          0          0      4000
         14:        a8      5  18446744073709551615          0          0      4000
         15:        a8      5              351          1          0      4000
         16:        a8      5             1796          0          0      4000
         17:        a9     26             2688          0          0      4000
         18:        a8      0              353        353          0      4000
         19:        a8      0             1798       1798          0      4000
         20:        a8      0              351        351          0      4000
         21:        a8      0             1796       1796          0      4000
         22:        a9      0             1797          1          0      4000
         23:        a8      0              353        353          0      4000
         24:        a8      0             4096       4096          0      4000
         25:        a8      5           709176          0          0      4000
         26:        a8      5             2047          0          0      4000
         27:        a8      5             1798          0          0      4000
         28:        a8      5             2047          0          0      4000
         29:         0      0                0          0          0      4000
         30:        a8      5             1798          0          0      4000
         31:        a8      5             1798          0          0      4000
         32:        a8      0         77883344   77883344          0      4000
         33:        a9     26              168          0          0      4000
         34:        a8      5          9998336          0          0      4000
         35:        a8      5             4096          0          0      4000
         36:        a8      5             1799          0          0      4000
         37:        a8      5                1          0          0      4000
         38:        a8      5         10000000          0          0      4000
         39:        a8      5              354          1          0      4000
         40:        a8      5           709176          0          0      4000
         41:         0      0                0          0          0      4000
         42:        a8      0              351          0          1      4000
         43:         0      0                0          0          0      4000
         44:         0      0                0          0          0      4000
         45:        a8      0          3680256          0          3      4000
         46:        a8     31               87          0          3      4000
         47:        a8      0          3680609          2          3      4000
         48:        a8      0         81563953          2          3      4000
         49:        a8      0         14722436          8          3      4000
         50:        a8      0        130808020          8          3      4000
         51:        a8      0               82         -5          3      4000
         52:         0      0                0          0          0      4000
         53:        a8      0            16022          1          0      4000
         54:         0      0                0          0          0      4000
         55:        a8      5            16021          0          0      4000
         56:        a8      6                0          0          0      4000
         57:         0      0                0          0          0      4000
         58:        a7      0             4096       4096          4      4000
         59:        a7      0           709176     709176          4      4000
         60:        a7      0             2048       2048          4      4000
         61:        a7      0         77883344   77883344          4      4000
         62:        a7      0        535742800  535742800          4      4000
         63:        a7      0          3680256    3680256          4      4000
         64:         0      0                0          0          0      4000
         65:         0      0                0          0          0      4000
         66:        a8     23         77883344          0          3      4000
         67:        a8     22             2048          0          4      4000
         68:        a7      0             1797       1797          5      4000
         69:        a7      0            15767      15767          5      4000
         70:        a7      2              353          1          3      4000
         71:        a7      0          3680609    3680609          4      4000
         72:        a7      0         81563953      -2047          3      4000
         73:        a7     23                1          0          3      4000
         74:        a7     23           705081          0          3      4000
         75:        a7     23                1          0          3      4000
         76:        a7     23            15768          0          3      4000
         77:        a7     24                0          0          3      4000
         78:        a7     24                0          0          3      4000
         79:        a7      0            15768      15768          4      4000
         80:        a7      0              152        152          4      4000
         81:        a7      0              152        152          4      4000
         82:        a7      0             2432       2432          4      4000
         83:        a7      0           707512     707512          4      4000
         84:        a7      0             1090       1090          4      4000
         85:        a7      0             4096       4096          4      4000
         86:        a8      4                1          0          1      4000
         87:         0      0                0          0          0      4000
         88:        a8      4            16022          0          1      4000
         89:         0      0                0          0          0      4000
         90:         0      0                0          0          0      4000
         91:         0      0                0          0          0      4000
         92:        a8      4             4096          0          1      4000
         93:        a7      0         99809424   99809424          4      4000
         94:        a7      0             8720       8720          4      4000
         95:        a7     23             1091          1          3      4000
         96:        a7     23         99818144          8          3      4000
         97:         0      0                0          0          0      4000
         98:         0      0                0          0          0      4000
         99:        a7     23            86280          0          3      4000
        100:        a8     25            86632          0          1      4000
        101:        a7      0            16021      16021          4      4000
        102:        a7      0           709176     709176          4      4000
        103:        a7      0              351        351          4      4000
        104:        a7      0        535742832  535742832          4      4000
        105:        a8     25             1420          0          1      4000
        106:        a7      0        535742832  535742832          1      4000
        107:        a8     25  18446744073709547216          0          1      4000
        108:        a7      0           705080     705080          1      4000
        109:        a7      0             4096       4096          0      4000
        110:        a7      0           709176     709176          0      4000
        111:        a7      0             2048       2048          0      4000
        112:        a8     25           709176          0          0      4000
        113:        a7      0             1797       1797          0      4000
        114:        a7      0          3680256       2048          0      4000
        115:        a7     26        116085584          0          0      4000
        116:         0      0                0          0          0      4000
        117:        a7      0              352          3          0      4000
        118:        a7     26               87          0          0      4000
        119:         0      0                0          0          0      4000
        120:         0      0                0          0          0      4000
        121:         0      0                0          0          0      4000
        122:         0      0                0          0          0      4000
        123:         0      0                0          0          0      4000
        124:        a7      0          3680608       2051          0      4000
        125:        a7      0         14722432       8204          0      4000
        126:        a7      0        130808016       8204          0      4000
        127:        a7      0               82         -5          0      4000
VPQ entry #:   PC(hex)   PCtag(hex)   PCindex(hex)
        198:     1510c             a8              43
        199:     15110             a8              44
        200:     15114             a8              45
        201:     1511c             a8              47
        202:     150a8             a8              2a
        203:     150b4             a8              2d
        204:     150b8             a8              2e
        205:     150bc             a8              2f
        206:     150c0             a8              30
        207:     150c4             a8              31
        208:     150c8             a8              32
        209:     150cc             a8              33
        210:     150e8             a8              3a
        211:     150ec             a8              3b
        212:     150f0             a8              3c
        213:     150f4             a8              3d
        214:     150f8             a8              3e
        215:     150fc             a8              3f
        216:     14ee8             a7              3a
        217:     14eec             a7              3b
        218:     14ef0             a7              3c
        219:     14ef4             a7              3d
        220:     14ef8             a7              3e
        221:     14efc             a7              3f
        222:     14f10             a7              44
        223:     14f14             a7              45
        224:     14f18             a7              46
        225:     14f1c             a7              47
        226:     14f20             a7              48
        227:     14f24             a7              49
        228:     14f28             a7              4a
        229:     14f2c             a7              4b
        230:     14f30             a7              4c
        231:     14f34             a7              4d
        232:     14f38             a7              4e
        233:     14f3c             a7              4f
        234:     14f40             a7              50
        235:     14f44             a7              51
        236:     14f48             a7              52
        237:     14f4c             a7              53
        238:     14f50             a7              54
        239:     14f54             a7              55
        240:     14f74             a7              5d
        241:     14f78             a7              5e
        242:     14f7c             a7              5f
        243:     14f80             a7              60
        244:     14f8c             a7              63
        245:     14f94             a7              65
        246:     14f98             a7              66
        247:     14f9c             a7              67
        248:     14fa0             a7              68
        249:     15108             a8              42
        250:     1510c             a8              43
        251:     15110             a8              44
        252:     15114             a8              45
        253:     150b4             a8              2d
        254:     150b8             a8              2e
        255:     150bc             a8              2f
        256:     150c0             a8              30
        257:     150c4             a8              31
        258:     150c8             a8              32
        259:     150cc             a8              33
        260:     150e8             a8              3a
        261:     150ec             a8              3b
        262:     150f0             a8              3c
        263:     150f4             a8              3d
        264:     150f8             a8              3e
        265:     150fc             a8              3f
        266:     14ee8             a7              3a
        267:     14eec             a7              3b
        268:     14ef0             a7              3c
        269:     14ef4             a7              3d
        270:     14ef8             a7              3e
        271:     14efc             a7              3f
        272:     14f10             a7              44
        273:     14f14             a7              45
        274:     14f18             a7              46
        275:     14f1c             a7              47
        276:     14f20             a7              48
        277:     14f24             a7              49
        278:     14f28             a7              4a
        279:     14f2c             a7              4b
        280:     14f30             a7              4c
        281:     14f34             a7              4d
        282:     14f38             a7              4e
        283:     14f3c             a7              4f
        284:     14f40             a7              50
        285:     14f44             a7              51
        286:     14f48             a7              52
        287:     14f4c             a7              53
        288:     14f50             a7              54
        289:     14f54             a7              55
        290:     14f74             a7              5d
        291:     14f78             a7              5e
        292:     14f7c             a7              5f
        293:     14f80             a7              60
        294:     14f8c             a7              63
        295:     14f94             a7              65
        296:     14f98             a7              66
        297:     14f9c             a7              67
        298:     14fa0             a7              68
        299:     15108             a8              42
          0:     1510c             a8              43
          1:     15110             a8              44
          2:     15114             a8              45
          3:     150b4             a8              2d
          4:     150b8             a8              2e
          5:     150bc             a8              2f
          6:     150c0             a8              30
          7:     150c4             a8              31
          8:     150c8             a8              32
          9:     150cc             a8              33
         10:     150e8             a8              3a
         11:     150ec             a8              3b
         12:     150f0             a8              3c
         13:     150f4             a8              3d
         14:     150f8             a8              3e
         15:     150fc             a8              3f
         16:     14ee8             a7              3a
         17:     14eec             a7              3b
         18:     14ef0             a7              3c
         19:     14ef4             a7              3d
         20:     14ef8             a7              3e
         21:     14efc             a7              3f
         22:     14f10             a7              44
         23:     14f14             a7              45
         24:     14f18             a7              46
         25:     14f1c             a7              47
         26:     14f20             a7              48
         27:     14f24             a7              49
         28:     14f28             a7              4a
         29:     14f2c             a7              4b
         30:     14f30             a7              4c
         31:     14f34             a7              4d
         32:     14f38             a7              4e
         33:     14f3c             a7              4f
         34:     14f40             a7              50
         35:     14f44             a7              51
         36:     14f48             a7              52
         37:     14f4c             a7              53
         38:     14f50             a7              54
         39:     14f54             a7              55
         40:     14f74             a7              5d
         41:     14f78             a7              5e
         42:     14f7c             a7              5f
         43:     14f80             a7              60
         44:     14f8c             a7              63
         45:     14f94             a7              65
         46:     14f98             a7              66
         47:     14f9c             a7              67
         48:     14fa0             a7              68
         49:     15108             a8              42
         50:     1510c             a8              43
         51:     15110             a8              44
         52:     15114             a8              45
         53:     1511c             a8              47
         54:     1513c             a8              4f
         55:     15140             a8              50
         56:     15144             a8              51
         57:     15148             a8              52
         58:     1514c             a8              53
         59:     15150             a8              54
         60:     15154             a8              55
         61:     15158             a8              56
         62:     15160             a8              58
         63:     15170             a8              5c
         64:     15174             a8              5d
         65:     15178             a8              5e
         66:     15190             a8              64
         67:     15194             a8              65
         68:     15198             a8              66
         69:     1519c             a8              67
         70:     151a0             a8              68
         71:     151a4             a8              69
         72:     151a8             a8              6a
         73:     151ac             a8              6b
         74:     151b0             a8              6c
-------- DEBUG: retired instruction count = 5000
SVP entry #:   tag(hex)   conf   retired_value   stride   instance    insn_num
          0:         0      0                0          0          0      5000
          1:         0      0                0          0          0      5000
          2:         0      0                0          0          0      5000
          3:         0      0                0          0          0      5000
          4:         0      0                0          0          0      5000
          5:         0      0                0          0          0      5000
          6:        a8      6              352          1          1      5000
          7:        a8      6             1796          0          1      5000
          8:        a8      6              352          1          1      5000
          9:        a8      6             1796          0          1      5000
         10:        a8      6             2047          0          1      5000
         11:        a8      6  18446744073709551263         -1          1      5000
         12:        a8      6  18446744073709549819          0          1      5000
         13:        a8      6  18446744073709551615          0          1      5000
         14:        a8      6  18446744073709551615          0          1      5000
         15:        a8      6              352          1          1      5000
         16:        a8      6             1796          0          1      5000
         17:        a9     31             2688          0          1      5000
         18:        a9      1           707768          0          2      5000
         19:        a9      1         92868880          0          2      5000
         20:        a9      1           705080          0          2      5000
         21:        a9      1         92878168         -8          2      5000
         22:        a9      0             1796         -1          1      5000
         23:        a9      0              351          0          2      5000
         24:        a9      1             9280         -8          2      5000
         25:        a8      6           709176          0          1      5000
         26:        a8      6             2047          0          1      5000
         27:        a8      6             1798          0          1      5000
         28:        a8      6             2047          0          1      5000
         29:         0      0                0          0          0      5000
         30:        a8      6             1798          0          1      5000
         31:        a8      6             1798          0          1      5000
         32:        a9      1              151          0          2      5000
         33:        a9     31              168          0          1      5000
         34:        a8      6          9998336          0          1      5000
         35:        a8      6             4096          0          1      5000
         36:        a8      6             1799          0          1      5000
         37:        a8      6                1          0          1      5000
         38:        a8      6         10000000          0          1      5000
         39:        a8      6              355          1          1      5000
         40:        a8      6           709176          0          1      5000
         41:         0      0                0          0          0      5000
         42:        a8      1              352          0          2      5000
         43:         0      0                0          0          0      5000
         44:         0      0                0          0          0      5000
         45:        a8      1          3682304          0          4      5000
         46:        a8     31               87          0          4      5000
         47:        a8      1          3682658          1          4      5000
         48:        a8      1         81566002          1          4      5000
         49:        a8      1         14730632          4          4      5000
         50:        a8      1        130816216          4          4      5000
         51:        a8      2               82          0          4      5000
         52:         0      0                0          0          0      5000
         53:        a8      0            16022          1          3      5000
         54:         0      0                0          0          0      5000
         55:        a8      6            16021          0          1      5000
         56:        a8      7                0          0          1      5000
         57:         0      0                0          0          0      5000
         58:        a7      0             4096       4096          0      5000
         59:        a7      0           709176     709176          0      5000
         60:        a7      0             2048       2048          0      5000
         61:        a7      0         77883344   77883344          0      5000
         62:        a7      0        535742800  535742800          0      5000
         63:        a7      0          3682304    3682304          0      5000
         64:         0      0                0          0          0      5000
         65:         0      0                0          0          0      5000
         66:        a8     30         77883344          0          0      5000
         67:        a8     30             2048          0          0      5000
         68:        a8      0        116085584  116085584          0      5000
         69:        a8      0              355        355          3      5000
         70:        a7      1              354          1          0      5000
         71:        a8      0             1799       1799          1      5000
         72:        a7      1         81566002          1          0      5000
         73:        a7     30                1          0          0      5000
         74:        a7     30           705081          0          0      5000
         75:        a7     30                1          0          0      5000
         76:        a7     30            15768          0          0      5000
         77:        a7     31                0          0          0      5000
         78:        a7     31                0          0          0      5000
         79:        a8      0          3680256    3680256          0      5000
         80:        a8      0          3680609    3680609          0      5000
         81:        a8      0         81563953   81563953          0      5000
         82:        a8      0                1          1          0      5000
         83:        a8      0         14722436   14722436          0      5000
         84:        a8      0        130808020  130808020          0      5000
         85:        a8      0           705081     705081          0      5000
         86:        a8      6                1          0          0      5000
         87:         0      0                0          0          0      5000
         88:        a8      6            16022          0          0      5000
         89:         0      0                0          0          0      5000
         90:         0      0                0          0          0      5000
         91:         0      0                0          0          0      5000
         92:        a8      6             4096          0          0      5000
         93:        a8      0           709176     709176          0      5000
         94:        a8      0             1857       1857          0      5000
         95:        a7     30             1098          1          0      5000
         96:        a7     30         99818200          8          0      5000
         97:         0      0                0          0          0      5000
         98:         0      0                0          0          0      5000
         99:        a7     30            86280          0          0      5000
        100:        a8     31            86632          0          0      5000
        101:        a8      2             9280         -8          0      5000
        102:        a8      2           705080          0          0      5000
        103:        a8      2           709176          0          0      5000
        104:        a8      2  18446744073709551608          0          0      5000
        105:        a8     31             1420          0          0      5000
        106:        a8      0           705000     705000          0      5000
        107:        a8     31  18446744073709547216          0          1      5000
        108:        a7      0           705080     705080          1      5000
        109:        a7      0             4096       4096          1      5000
        110:        a7      0           709176     709176          1      5000
        111:        a7      0             2048       2048          1      5000
        112:        a8     31           709176          0          1      5000
        113:        a7      0             1796       1796          1      5000
        114:        a7      0          3678208      -2048          1      5000
        115:        a7     31        116085584          0          1      5000
        116:         0      0                0          0          0      5000
        117:        a7      0              351          0          1      5000
        118:        a7     31               87          0          1      5000
        119:         0      0                0          0          0      5000
        120:         0      0                0          0          0      5000
        121:         0      0                0          0          0      5000
        122:         0      0                0          0          0      5000
        123:         0      0                0          0          0      5000
        124:        a7      0          3678559      -2048          1      5000
        125:        a7      0         14714236      -8192          1      5000
        126:        a7      0        130799820      -8192          1      5000
        127:        a7      1               87          0          1      5000
VPQ entry #:   PC(hex)   PCtag(hex)   PCindex(hex)
         27:     151ac             a8              6b
         28:     151b0             a8              6c
         29:     151b4             a8              6d
         30:     151b8             a8              6e
         31:     151bc             a8              6f
         32:     151c0             a8              70
         33:     151c4             a8              71
         34:     15280             a9              20
         35:     15284             a9              21
         36:     15244             a9              11
         37:     15248             a9              12
         38:     1524c             a9              13
         39:     15250             a9              14
         40:     15254             a9              15
         41:     15258             a9              16
         42:     1525c             a9              17
         43:     15260             a9              18
         44:     14fa8             a7              6a
         45:     14fb0             a7              6c
         46:     14fb4             a7              6d
         47:     14fb8             a7              6e
         48:     14fbc             a7              6f
         49:     14fc4             a7              71
         50:     14fc8             a7              72
         51:     14fcc             a7              73
         52:     14fd4             a7              75
         53:     14fd8             a7              76
         54:     14ff0             a7              7c
         55:     14ff4             a7              7d
         56:     14ff8             a7              7e
         57:     14ffc             a7              7f
         58:     15018             a8               6
         59:     1501c             a8               7
         60:     15020             a8               8
         61:     15024             a8               9
         62:     15028             a8               a
         63:     1502c             a8               b
         64:     15030             a8               c
         65:     15034             a8               d
         66:     15038             a8               e
         67:     1503c             a8               f
         68:     15040             a8              10
         69:     15048             a8              12
         70:     1504c             a8              13
         71:     15050             a8              14
         72:     15054             a8              15
         73:     1505c             a8              17
         74:     15060             a8              18
         75:     15064             a8              19
         76:     15068             a8              1a
         77:     1506c             a8              1b
         78:     15070             a8              1c
         79:     15078             a8              1e
         80:     1507c             a8              1f
         81:     15080             a8              20
         82:     15088             a8              22
         83:     1508c             a8              23
         84:     15090             a8              24
         85:     15094             a8              25
         86:     15098             a8              26
         87:     1509c             a8              27
         88:     150a0             a8              28
         89:     150a8             a8              2a
         90:     150b4             a8              2d
         91:     150b8             a8              2e
         92:     150bc             a8              2f
         93:     150c0             a8              30
         94:     150c4             a8              31
         95:     150c8             a8              32
         96:     150cc             a8              33
         97:     150d4             a8              35
         98:     150dc             a8              37
         99:     150e0             a8              38
        100:     15114             a8              45
        101:     150b4             a8              2d
        102:     150b8             a8              2e
        103:     150bc             a8              2f
        104:     150c0             a8              30
        105:     150c4             a8              31
        106:     150c8             a8              32
        107:     150cc             a8              33
        108:     150d4             a8              35
        109:     15114             a8              45
        110:     150b4             a8              2d
        111:     150b8             a8              2e
        112:     150bc             a8              2f
        113:     150c0             a8              30
        114:     150c4             a8              31
        115:     150c8             a8              32
        116:     150cc             a8              33
        117:     150d4             a8              35
        118:     15114             a8              45
        119:     1511c             a8              47
        120:     150a8             a8              2a
        121:     150b4             a8              2d
        122:     150b8             a8              2e
        123:     150bc             a8              2f
        124:     150c0             a8              30
        125:     150c4             a8              31
        126:     150c8             a8              32
        127:     150cc             a8              33
-------- DEBUG: retired instruction count = 6000
SVP entry #:   tag(hex)   conf   retired_value   stride   instance    insn_num
          0:         0      0                0          0          0      6000
          1:         0      0                0          0          0      6000
          2:         0      0                0          0          0      6000
          3:         0      0                0          0          0      6000
          4:         0      0                0          0          0      6000
          5:         0      0                0          0          0      6000
          6:        a8      8              354          1          0      6000
          7:        a8      8             1796          0          0      6000
          8:        a8      8              354          1          0      6000
          9:        a8      8             1796          0          0      6000
         10:        a8      8             2047          0          0      6000
         11:        a8      8  18446744073709551261         -1          0      6000
         12:        a8      8  18446744073709549819          0          0      6000
         13:        a8      8  18446744073709551615          0          0      6000
         14:        a8      8  18446744073709551615          0          0      6000
         15:        a8      8              354          1          0      6000
         16:        a8      8             1796          0          0      6000
         17:        a9     31             2688          0          3      6000
         18:        a8      0              356        356          3      6000
         19:        a8      0             1798       1798          3      6000
         20:        a8      0              354        354          3      6000
         21:        a8      0             1796       1796          3      6000
         22:        a9      0             1797          1          3      6000
         23:        a8      0              356        356          3      6000
         24:        a8      0             4096       4096          3      6000
         25:        a8      8           709176          0          0      6000
         26:        a8      8             2047          0          0      6000
         27:        a8      8             1798          0          0      6000
         28:        a8      8             2047          0          0      6000
         29:         0      0                0          0          0      6000
         30:        a8      8             1798          0          0      6000
         31:        a8      8             1798          0          0      6000
         32:        a8      0         77883344   77883344          3      6000
         33:        a9     31              168          0          3      6000
         34:        a8      8          9998336          0          0      6000
         35:        a8      8             4096          0          0      6000
         36:        a8      8             1799          0          0      6000
         37:        a8      8                1          0          0      6000
         38:        a8      8         10000000          0          0      6000
         39:        a8      8              357          1          0      6000
         40:        a8      8           709176          0          0      6000
         41:         0      0                0          0          0      6000
         42:        a8      1              354          0          0      6000
         43:         0      0                0          0          0      6000
         44:         0      0                0          0          0      6000
         45:        a8      1          3682304          0          0      6000
         46:        a8     31               87          0          0      6000
         47:        a8      1          3682660          1          0      6000
         48:        a8      1         81566004          1          0      6000
         49:        a8      1         14730640          4          0      6000
         50:        a8      1        130816224          4          0      6000
         51:        a8      2               82          0          0      6000
         52:         0      0                0          0          0      6000
         53:        a8      0            16022          1          0      6000
         54:         0      0                0          0          0      6000
         55:        a8      8            16021          0          0      6000
         56:        a8      9                0          0          0      6000
         57:         0      0                0          0          0      6000
         58:        a7      0             4096       4096          0      6000
         59:        a7      0           709176     709176          0      6000
         60:        a7      0             2048       2048          0      6000
         61:        a7      0         77883344   77883344          0      6000
         62:        a7      0        535742800  535742800          0      6000
         63:        a7      0          3682304    3682304          0      6000
         64:         0      0                0          0          0      6000
         65:         0      0                0          0          0      6000
         66:        a8     31         77883344          0          1      6000
         67:        a8     31             2048          0          1      6000
         68:        a7      0             1798       1798          0      6000
         69:        a7      0            15767      15767          0      6000
         70:        a7      1              356          1          0      6000
         71:        a7      1          3682660          1          0      6000
         72:        a7      1         81566004          1          0      6000
         73:        a7     31                1          0          0      6000
         74:        a7     31           705081          0          0      6000
         75:        a7     31                1          0          0      6000
         76:        a7     31            15768          0          0      6000
         77:        a7     31                0          0          0      6000
         78:        a7     31                0          0          0      6000
         79:        a7      2            15768          0          1      6000
         80:        a7      2              152          0          1      6000
         81:        a7      2              152          0          1      6000
         82:        a7      2             2432          0          1      6000
         83:        a7      2           707512          0          1      6000
         84:        a7      2             1105          1          1      6000
         85:        a7      2             4096          0          1      6000
         86:        a8      7                1          0          1      6000
         87:         0      0                0          0          0      6000
         88:        a8      7            16022          0          1      6000
         89:         0      0                0          0          0      6000
         90:         0      0                0          0          0      6000
         91:         0      0                0          0          0      6000
         92:        a8      7             4096          0          1      6000
         93:        a7      2         99809424          0          1      6000
         94:        a7      2             8840          8          1      6000
         95:        a7     31             1105          1          1      6000
         96:        a7     31         99818256          8          1      6000
         97:         0      0                0          0          0      6000
         98:         0      0                0          0          0      6000
         99:        a7     31            86280          0          1      6000
        100:        a8     31            86632          0          3      6000
        101:        a7      1            16021          0          4      6000
        102:        a7      1           709176          0          4      6000
        103:        a7      1              354          0          4      6000
        104:        a7      1        535742832          0          4      6000
        105:        a8     31             1420          0          3      6000
        106:        a7      0        535742832  535742832          6      6000
        107:        a8     31  18446744073709547216          0          3      6000
        108:        a7      0           705080     705080          6      6000
        109:        a7      0             4096       4096          6      6000
        110:        a7      0           709176     709176          6      6000
        111:        a7      0             2048       2048          6      6000
        112:        a8     31           709176          0          3      6000
        113:        a7      0             1797       1797          5      6000
        114:        a7      0          3680256       2048          2      6000
        115:        a7     31        116085584          0          2      6000
        116:         0      0                0          0          0      6000
        117:        a7      0              355          3          2      6000
        118:        a7     31               87          0          2      6000
        119:         0      0                0          0          0      6000
        120:         0      0                0          0          0      6000
        121:         0      0                0          0          0      6000
        122:         0      0                0          0          0      6000
        123:         0      0                0          0          0      6000
        124:        a7      0          3680611       2051          2      6000
        125:        a7      0         14722444       8204          2      6000
        126:        a7      0        130808028       8204          2      6000
        127:        a7      0               82         -5          2      6000
VPQ entry #:   PC(hex)   PCtag(hex)   PCindex(hex)
        162:     14f7c             a7              5f
        163:     14f80             a7              60
        164:     14f8c             a7              63
        165:     14f94             a7              65
        166:     14f98             a7              66
        167:     14f9c             a7              67
        168:     14fa0             a7              68
        169:     15108             a8              42
        170:     1510c             a8              43
        171:     15110             a8              44
        172:     15114             a8              45
        173:     1511c             a8              47
        174:     1513c             a8              4f
        175:     15140             a8              50
        176:     15144             a8              51
        177:     15148             a8              52
        178:     1514c             a8              53
        179:     15150             a8              54
        180:     15154             a8              55
        181:     15158             a8              56
        182:     15160             a8              58
        183:     15170             a8              5c
        184:     15174             a8              5d
        185:     15178             a8              5e
        186:     15190             a8              64
        187:     15194             a8              65
        188:     15198             a8              66
        189:     1519c             a8              67
        190:     151a0             a8              68
        191:     151a4             a8              69
        192:     151a8             a8              6a
        193:     151ac             a8              6b
        194:     151b0             a8              6c
        195:     151b4             a8              6d
        196:     151b8             a8              6e
        197:     151bc             a8              6f
        198:     151c0             a8              70
        199:     151c4             a8              71
        200:     15280             a9              20
        201:     15284             a9              21
        202:     15244             a9              11
        203:     15248             a9              12
        204:     1524c             a9              13
        205:     15250             a9              14
        206:     15254             a9              15
        207:     15258             a9              16
        208:     1525c             a9              17
        209:     15260             a9              18
        210:     14fa8             a7              6a
        211:     14fb0             a7              6c
        212:     14fb4             a7              6d
        213:     14fb8             a7              6e
        214:     14fbc             a7              6f
        215:     14fc4             a7              71
        216:     14fc8             a7              72
        217:     14fcc             a7              73
        218:     14fd4             a7              75
        219:     14fd8             a7              76
        220:     14ff0             a7              7c
        221:     14ff4             a7              7d
        222:     14ff8             a7              7e
        223:     14ffc             a7              7f
        224:     15190             a8              64
        225:     15194             a8              65
        226:     15198             a8              66
        227:     1519c             a8              67
        228:     151a0             a8              68
        229:     151a4             a8              69
        230:     151a8             a8              6a
        231:     151ac             a8              6b
        232:     151b0             a8              6c
        233:     151b4             a8              6d
        234:     151b8             a8              6e
        235:     151bc             a8              6f
        236:     151c0             a8              70
        237:     151c4             a8              71
        238:     15280             a9              20
        239:     15284             a9              21
        240:     15244             a9              11
        241:     15248             a9              12
        242:     1524c             a9              13
        243:     15250             a9              14
        244:     15254             a9              15
        245:     15258             a9              16
        246:     1525c             a9              17
        247:     15260             a9              18
        248:     14fa8             a7              6a
        249:     14fb0             a7              6c
        250:     14fb4             a7              6d
        251:     14fb8             a7              6e
        252:     14fbc             a7              6f
        253:     14fc4             a7              71
        254:     14fc8             a7              72
        255:     14fcc             a7              73
        256:     14fd4             a7              75
        257:     14fd8             a7              76
        258:     14ff0             a7              7c
        259:     14ff4             a7              7d
        260:     14ff8             a7              7e
        261:     14ffc             a7              7f
        262:     15190             a8              64
        263:     15194             a8              65
        264:     15198             a8              66
        265:     1519c             a8              67
        266:     151a0             a8              68
        267:     151a4             a8              69
        268:     151a8             a8              6a
        269:     151ac             a8              6b
        270:     151b0             a8              6c
        271:     151b4             a8              6d
        272:     151b8             a8              6e
        273:     151bc             a8              6f
        274:     151c0             a8              70
        275:     151c4             a8              71
        276:     15280             a9              20
        277:     15284             a9              21
        278:     15244             a9              11
        279:     15248             a9              12
        280:     1524c             a9              13
        281:     15250             a9              14
        282:     15254             a9              15
        283:     15258             a9              16
        284:     1525c             a9              17
        285:     15260             a9              18
        286:     14fa8             a7              6a
        287:     14fb0             a7              6c
        288:     14fb4             a7              6d
        289:     14fb8             a7              6e
        290:     14fbc             a7              6f
-------- DEBUG: retired instruction count = 7000
SVP entry #:   tag(hex)   conf   retired_value   stride   instance    insn_num
          0:         0      0                0          0          0      7000
          1:         0      0                0          0          0      7000
          2:         0      0                0          0          0      7000
          3:         0      0                0          0          0      7000
          4:         0      0                0          0          0      7000
          5:         0      0                0          0          0      7000
          6:        a8     10              356          1          0      7000
          7:        a8     10             1796          0          0      7000
          8:        a8     10              356          1          0      7000
          9:        a8     10             1796          0          0      7000
         10:        a8     10             2047          0          0      7000
         11:        a8     10  18446744073709551259         -1          0      7000
         12:        a8     10  18446744073709549819          0          0      7000
         13:        a8     10  18446744073709551615          0          0      7000
         14:        a8     10  18446744073709551615          0          0      7000
         15:        a8     10              356          1          0      7000
         16:        a8     10             1796          0          0      7000
         17:        a9     31             2688          0          0      7000
         18:        a8      0              358        358          0      7000
         19:        a8      0             1798       1798          0      7000
         20:        a8      0              356        356          0      7000
         21:        a8      0             1796       1796          0      7000
         22:        a9      0             1797          1          0      7000
         23:        a8      0              358        358          0      7000
         24:        a8      0             4096       4096          0      7000
         25:        a8     10           709176          0          0      7000
         26:        a8     10             2047          0          0      7000
         27:        a8     10             1798          0          0      7000
         28:        a8     10             2047          0          0      7000
         29:         0      0                0          0          0      7000
         30:        a8     10             1798          0          0      7000
         31:        a8     10             1798          0          0      7000
         32:        a8      0         77883344   77883344          0      7000
         33:        a9     31              168          0          0      7000
         34:        a8     10          9998336          0          0      7000
         35:        a8     10             4096          0          0      7000
         36:        a8     10             1799          0          0      7000
         37:        a8     10                1          0          0      7000
         38:        a8     10         10000000          0          0      7000
         39:        a8     10              359          1          0      7000
         40:        a8     10           709176          0          0      7000
         41:         0      0                0          0          0      7000
         42:        a8      0              356          0          1      7000
         43:         0      0                0          0          0      7000
         44:         0      0                0          0          0      7000
         45:        a8      0          3680256          0          3      7000
         46:        a8     31               87          0          3      7000
         47:        a8      0          3680614          2          3      7000
         48:        a8      0         81563958          2          3      7000
         49:        a8      0         14722456          8          3      7000
         50:        a8      0        130808040          8          3      7000
         51:        a8      0               82         -5          3      7000
         52:         0      0                0          0          0      7000
         53:        a8      0            16022          1          0      7000
         54:         0      0                0          0          0      7000
         55:        a8     10            16021          0          0      7000
         56:        a8     11                0          0          0      7000
         57:         0      0                0          0          0      7000
         58:        a7      0             4096       4096          3      7000
         59:        a7      0           709176     709176          3      7000
         60:        a7      0             2048       2048          3      7000
         61:        a7      0         77883344   77883344          3      7000
         62:        a7      0        535742800  535742800          3      7000
         63:        a7      0          3680256    3680256          3      7000
         64:         0      0                0          0          0      7000
         65:         0      0                0          0          0      7000
         66:        a8     31         77883344          0          3      7000
         67:        a8     31             2048          0          3      7000
         68:        a7      0             1797       1797          3      7000
         69:        a7      0            15767      15767          3      7000
         70:        a7      2              358          1          3      7000
         71:        a7      0          3680614    3680614          3      7000
         72:        a7      0         81563958      -2047          3      7000
         73:        a7     31                1          0          3      7000
         74:        a7     31           705081          0          3      7000
         75:        a7     31                1          0          3      7000
         76:        a7     31            15768          0          4      7000
         77:        a7     31                0          0          4      7000
         78:        a7     31                0          0          4      7000
         79:        a8      0          3680256    3680256          4      7000
         80:        a8      0          3680612    3680612          4      7000
         81:        a8      0         81563956   81563956          3      7000
         82:        a8      0                1          1          3      7000
         83:        a8      0         14722448   14722448          3      7000
         84:        a8      0        130808032  130808032          3      7000
         85:        a8      0           705081     705081          3      7000
         86:        a8      9                1          0          0      7000
         87:         0      0                0          0          0      7000
         88:        a8      9            16022          0          0      7000
         89:         0      0                0          0          0      7000
         90:         0      0                0          0          0      7000
         91:         0      0                0          0          0      7000
         92:        a8      9             4096          0          0      7000
         93:        a8      0           709176     709176          3      7000
         94:        a8      0             1857       1857          3      7000
         95:        a7     31             1110          1          3      7000
         96:        a7     31         99818296          8          3      7000
         97:         0      0                0          0          0      7000
         98:         0      0                0          0          0      7000
         99:        a7     31            86280          0          3      7000
        100:        a8     31            86632          0          0      7000
        101:        a8      2             9184         -8          3      7000
        102:        a8      2           705080          0          3      7000
        103:        a8      2           709176          0          3      7000
        104:        a8      2  18446744073709551608          0          3      7000
        105:        a8     31             1420          0          0      7000
        106:        a7      0        535742832  535742832          0      7000
        107:        a8     31  18446744073709547216          0          0      7000
        108:        a7      0           705080     705080          0      7000
        109:        a7      0             4096       4096          0      7000
        110:        a7      0           709176     709176          0      7000
        111:        a7      0             2048       2048          0      7000
        112:        a8     31           709176          0          0      7000
        113:        a7      0             1797       1797          0      7000
        114:        a7      0          3680256       2048          0      7000
        115:        a7     31        116085584          0          0      7000
        116:         0      0                0          0          0      7000
        117:        a7      0              357          3          0      7000
        118:        a7     31               87          0          0      7000
        119:         0      0                0          0          0      7000
        120:         0      0                0          0          0      7000
        121:         0      0                0          0          0      7000
        122:         0      0                0          0          0      7000
        123:         0      0                0          0          0      7000
        124:        a7      0          3680613       2051          0      7000
        125:        a7      0         14722452       8204          0      7000
        126:        a7      0        130808036       8204          0      7000
        127:        a7      0               82         -5          0      7000
VPQ entry #:   PC(hex)   PCtag(hex)   PCindex(hex)
        278:     14f30             a7              4c
        279:     14f34             a7              4d
        280:     14f38             a7              4e
        281:     14f3c             a7              4f
        282:     14f40             a7              50
        283:     14f44             a7              51
        284:     14f48             a7              52
        285:     14f4c             a7              53
        286:     14f50             a7              54
        287:     14f54             a7              55
        288:     14f74             a7              5d
        289:     14f78             a7              5e
        290:     14f7c             a7              5f
        291:     14f80             a7              60
        292:     14f8c             a7              63
        293:     14f94             a7              65
        294:     14f98             a7              66
        295:     14f9c             a7              67
        296:     14fa0             a7              68
        297:     15108             a8              42
        298:     1510c             a8              43
        299:     15110             a8              44
          0:     15114             a8              45
          1:     1511c             a8              47
          2:     150a8             a8              2a
          3:     150b4             a8              2d
          4:     150b8             a8              2e
          5:     150bc             a8              2f
          6:     150c0             a8              30
          7:     150c4             a8              31
          8:     150c8             a8              32
          9:     150cc             a8              33
         10:     150e8             a8              3a
         11:     150ec             a8              3b
         12:     150f0             a8              3c
         13:     150f4             a8              3d
         14:     150f8             a8              3e
         15:     150fc             a8              3f
         16:     14ee8             a7              3a
         17:     14eec             a7              3b
         18:     14ef0             a7              3c
         19:     14ef4             a7              3d
         20:     14ef8             a7              3e
         21:     14efc             a7              3f
         22:     14f10             a7              44
         23:     14f14             a7              45
         24:     14f18             a7              46
         25:     14f1c             a7              47
         26:     14f20             a7              48
         27:     14f24             a7              49
         28:     14f28             a7              4a
         29:     14f2c             a7              4b
         30:     14f30             a7              4c
         31:     14f34             a7              4d
         32:     14f38             a7              4e
         33:     14f3c             a7              4f
         34:     14f40             a7              50
         35:     14f44             a7              51
         36:     14f48             a7              52
         37:     14f4c             a7              53
         38:     14f50             a7              54
         39:     14f54             a7              55
         40:     14f74             a7              5d
         41:     14f78             a7              5e
         42:     14f7c             a7              5f
         43:     14f80             a7              60
         44:     14f8c             a7              63
         45:     14f94             a7              65
         46:     14f98             a7              66
         47:     14f9c             a7              67
         48:     14fa0             a7              68
         49:     15108             a8              42
         50:     1510c             a8              43
         51:     15110             a8              44
         52:     15114             a8              45
         53:     150b4             a8              2d
         54:     150b8             a8              2e
         55:     150bc             a8              2f
         56:     150c0             a8              30
         57:     150c4             a8              31
         58:     150c8             a8              32
         59:     150cc             a8              33
         60:     150e8             a8              3a
         61:     150ec             a8              3b
         62:     150f0             a8              3c
         63:     150f4             a8              3d
         64:     150f8             a8              3e
         65:     150fc             a8              3f
         66:     14ee8             a7              3a
         67:     14eec             a7              3b
         68:     14ef0             a7              3c
         69:     14ef4             a7              3d
         70:     14ef8             a7              3e
         71:     14efc             a7              3f
         72:     14f10             a7              44
         73:     14f14             a7              45
         74:     14f18             a7              46
         75:     14f1c             a7              47
         76:     14f20             a7              48
         77:     14f24             a7              49
         78:     14f28             a7              4a
         79:     14f2c             a7              4b
         80:     14f30             a7              4c
         81:     14f34             a7              4d
         82:     14f38             a7              4e
         83:     14f3c             a7              4f
         84:     14f40             a7              50
         85:     14f44             a7              51
         86:     14f48             a7              52
         87:     14f4c             a7              53
         88:     14f50             a7              54
         89:     14f54             a7              55
         90:     14f74             a7              5d
         91:     14f78             a7              5e
         92:     14f7c             a7              5f
         93:     14f80             a7              60
         94:     14f8c             a7              63
         95:     14f94             a7              65
         96:     14f98             a7              66
         97:     14f9c             a7              67
         98:     14fa0             a7              68
         99:     15108             a8              42
        100:     1510c             a8              43
        101:     15110             a8              44
        102:     15114             a8              45
        103:     150b4             a8              2d
        104:     150b8             a8              2e
        105:     150bc             a8              2f
        106:     150c0             a8              30
        107:     150c4             a8              31
        108:     150c8             a8              32
        109:     150cc             a8              33
        110:     150e8             a8              3a
        111:     150ec             a8              3b
        112:     150f0             a8              3c
        113:     150f4             a8              3d
        114:     150f8             a8              3e
        115:     150fc             a8              3f
        116:     14ee8             a7              3a
        117:     14eec             a7              3b
        118:     14ef0             a7              3c
        119:     14ef4             a7              3d
        120:     14ef8             a7              3e
        121:     14efc             a7              3f
        122:     14f10             a7              44
        123:     14f14             a7              45
        124:     14f18             a7              46
        125:     14f1c             a7              47
        126:     14f20             a7              48
        127:     14f24             a7              49
        128:     14f28             a7              4a
        129:     14f2c             a7              4b
        130:     14f30             a7              4c
        131:     14f34             a7              4d
        132:     14f38             a7              4e
        133:     14f3c             a7              4f
        134:     14f40             a7              50
-------- DEBUG: retired instruction count = 8000
SVP entry #:   tag(hex)   conf   retired_value   stride   instance    insn_num
          0:         0      0                0          0          0      8000
          1:         0      0                0          0          0      8000
          2:         0      0                0          0          0      8000
          3:         0      0                0          0          0      8000
          4:         0      0                0          0          0      8000
          5:         0      0                0          0          0      8000
          6:        a8     11              357          1          1      8000
          7:        a8     11             1796          0          1      8000
          8:        a8     11              357          1          1      8000
          9:        a8     11             1796          0          1      8000
         10:        a8     11             2047          0          1      8000
         11:        a8     11  18446744073709551258         -1          1      8000
         12:        a8     11  18446744073709549819          0          1      8000
         13:        a8     11  18446744073709551615          0          1      8000
         14:        a8     11  18446744073709551615          0          1      8000
         15:        a8     11              357          1          1      8000
         16:        a8     11             1796          0          1      8000
         17:        a9     31             2688          0          1      8000
         18:        a9      1           707768          0          2      8000
         19:        a9      1         92868880          0          2      8000
         20:        a9      1           705080          0          2      8000
         21:        a9      1         92878008         -8          2      8000
         22:        a9      0             1796         -1          1      8000
         23:        a9      0              356          0          2      8000
         24:        a9      1             9120         -8          2      8000
         25:        a8     11           709176          0          1      8000
         26:        a8     11             2047          0          1      8000
         27:        a8     11             1798          0          1      8000
         28:        a8     11             2047          0          1      8000
         29:         0      0                0          0          0      8000
         30:        a8     11             1798          0          1      8000
         31:        a8     11             1798          0          1      8000
         32:        a9      1              151          0          2      8000
         33:        a9     31              168          0          1      8000
         34:        a8     11          9998336          0          1      8000
         35:        a8     11             4096          0          1      8000
         36:        a8     11             1799          0          1      8000
         37:        a8     11                1          0          1      8000
         38:        a8     11         10000000          0          1      8000
         39:        a8     11              360          1          1      8000
         40:        a8     11           709176          0          1      8000
         41:         0      0                0          0          0      8000
         42:        a8      1              357          0          2      8000
         43:         0      0                0          0          0      8000
         44:         0      0                0          0          0      8000
         45:        a8      1          3682304          0          4      8000
         46:        a8     31               87          0          4      8000
         47:        a8      1          3682663          1          4      8000
         48:        a8      1         81566007          1          4      8000
         49:        a8      1         14730652          4          4      8000
         50:        a8      1        130816236          4          4      8000
         51:        a8      2               82          0          4      8000
         52:         0      0                0          0          0      8000
         53:        a8      0            16022          1          3      8000
         54:         0      0                0          0          0      8000
         55:        a8     11            16021          0          1      8000
         56:        a8     12                0          0          1      8000
         57:         0      0                0          0          0      8000
         58:        a7      0             4096       4096          0      8000
         59:        a7      0           709176     709176          0      8000
         60:        a7      0             2048       2048          0      8000
         61:        a7      0         77883344   77883344          0      8000
         62:        a7      0        535742800  535742800          0      8000
         63:        a7      0          3682304    3682304          0      8000
         64:         0      0                0          0          0      8000
         65:         0      0                0          0          0      8000
         66:        a8     31         77883344          0          0      8000
         67:        a8     31             2048          0          0      8000
         68:        a8      0        116085584  116085584          0      8000
         69:        a8      0              360        360          3      8000
         70:        a7      1              359          1          0      8000
         71:        a8      0             1799       1799          1      8000
         72:        a7      1         81566007          1          0      8000
         73:        a7     31                1          0          0      8000
         74:        a7     31           705081          0          0      8000
         75:        a7     31                1          0          0      8000
         76:        a7     31            15768          0          0      8000
         77:        a7     31                0          0          0      8000
         78:        a7     31                0          0          0      8000
         79:        a8      0          3680256    3680256          0      8000
         80:        a8      0          3680614    3680614          0      8000
         81:        a8      0         81563958   81563958          0      8000
         82:        a8      0                1          1          0      8000
         83:        a8      0         14722456   14722456          0      8000
         84:        a8      0        130808040  130808040          0      8000
         85:        a8      0           705081     705081          0      8000
         86:        a8     11                1          0          0      8000
         87:         0      0                0          0          0      8000
         88:        a8     11            16022          0          0      8000
         89:         0      0                0          0          0      8000
         90:         0      0                0          0          0      8000
         91:         0      0                0          0          0      8000
         92:        a8     11             4096          0          0      8000
         93:        a8      0           709176     709176          0      8000
         94:        a8      0             1857       1857          0      8000
         95:        a7     31             1118          1          0      8000
         96:        a7     31         99818360          8          0      8000
         97:         0      0                0          0          0      8000
         98:         0      0                0          0          0      8000
         99:        a7     31            86280          0          0      8000
        100:        a8     31            86632          0          1      8000
        101:        a8      1             9128         -8          1      8000
        102:        a8      1           705080          0          1      8000
        103:        a8      1           709176          0          1      8000
        104:        a8      1  18446744073709551608          0          1      8000
        105:        a8     31             1420          0          1      8000
        106:        a7      0        535742832  535742832          1      8000
        107:        a8     31  18446744073709547216          0          1      8000
        108:        a7      0           705080     705080          1      8000
        109:        a7      0             4096       4096          1      8000
        110:        a7      0           709176     709176          1      8000
        111:        a7      0             2048       2048          1      8000
        112:        a8     31           709176          0          1      8000
        113:        a7      0             1796       1796          1      8000
        114:        a7      0          3678208      -2048          1      8000
        115:        a7     31        116085584          0          1      8000
        116:         0      0                0          0          0      8000
        117:        a7      1              356         -1          2      8000
        118:        a7     31               87          0          2      8000
        119:         0      0                0          0          0      8000
        120:         0      0                0          0          0      8000
        121:         0      0                0          0          0      8000
        122:         0      0                0          0          0      8000
        123:         0      0                0          0          0      8000
        124:        a7      1          3680612         -1          2      8000
        125:        a7      1         14722448         -4          2      8000
        126:        a7      1        130808032         -4          2      8000
        127:        a7      0               87          0          2      8000
VPQ entry #:   PC(hex)   PCtag(hex)   PCindex(hex)
        114:     14fd4             a7              75
        115:     14fd8             a7              76
        116:     14ff0             a7              7c
        117:     14ff4             a7              7d
        118:     14ff8             a7              7e
        119:     14ffc             a7              7f
        120:     15190             a8              64
        121:     15194             a8              65
        122:     15198             a8              66
        123:     1519c             a8              67
        124:     151a0             a8              68
        125:     151a4             a8              69
        126:     151a8             a8              6a
        127:     151ac             a8              6b
        128:     151b0             a8              6c
        129:     151b4             a8              6d
        130:     151b8             a8              6e
        131:     151bc             a8              6f
        132:     151c0             a8              70
        133:     151c4             a8              71
        134:     15280             a9              20
        135:     15284             a9              21
        136:     15244             a9              11
        137:     15248             a9              12
        138:     1524c             a9              13
        139:     15250             a9              14
        140:     15254             a9              15
        141:     15258             a9              16
        142:     1525c             a9              17
        143:     15260             a9              18
        144:     14fa8             a7              6a
        145:     14fb0             a7              6c
        146:     14fb4             a7              6d
        147:     14fb8             a7              6e
        148:     14fbc             a7              6f
        149:     14fc4             a7              71
        150:     14fc8             a7              72
        151:     14fcc             a7              73
        152:     14fd4             a7              75
        153:     14fd8             a7              76
        154:     14ff0             a7              7c
        155:     14ff4             a7              7d
        156:     14ff8             a7              7e
        157:     14ffc             a7              7f
        158:     15018             a8               6
        159:     1501c             a8               7
        160:     15020             a8               8
        161:     15024             a8               9
        162:     15028             a8               a
        163:     1502c             a8               b
        164:     15030             a8               c
        165:     15034             a8               d
        166:     15038             a8               e
        167:     1503c             a8               f
        168:     15040             a8              10
        169:     15048             a8              12
        170:     1504c             a8              13
        171:     15050             a8              14
        172:     15054             a8              15
        173:     1505c             a8              17
        174:     15060             a8              18
        175:     15064             a8              19
        176:     15068             a8              1a
        177:     1506c             a8              1b
        178:     15070             a8              1c
        179:     15078             a8              1e
        180:     1507c             a8              1f
        181:     15080             a8              20
        182:     15088             a8              22
        183:     1508c             a8              23
        184:     15090             a8              24
        185:     15094             a8              25
        186:     15098             a8              26
        187:     1509c             a8              27
        188:     150a0             a8              28
        189:     150a8             a8              2a
        190:     150b4             a8              2d
        191:     150b8             a8              2e
        192:     150bc             a8              2f
        193:     150c0             a8              30
        194:     150c4             a8              31
        195:     150c8             a8              32
        196:     150cc             a8              33
        197:     150d4             a8              35
        198:     150dc             a8              37
        199:     150e0             a8              38
        200:     15114             a8              45
        201:     150b4             a8              2d
        202:     150b8             a8              2e
        203:     150bc             a8              2f
        204:     150c0             a8              30
        205:     150c4             a8              31
        206:     150c8             a8              32
        207:     150cc             a8              33
        208:     150d4             a8              35
        209:     15114             a8              45
        210:     150b4             a8              2d
        211:     150b8             a8              2e
        212:     150bc             a8              2f
        213:     150c0             a8              30
        214:     150c4             a8              31
        215:     150c8             a8              32
        216:     150cc             a8              33
        217:     150d4             a8              35
        218:     15114             a8              45
        219:     1511c             a8              47
        220:     150a8             a8              2a
        221:     150b4             a8              2d
        222:     150b8             a8              2e
        223:     150bc             a8              2f
        224:     150c0             a8              30
        225:     150c4             a8              31
        226:     150c8             a8              32
        227:     150cc             a8              33
-------- DEBUG: retired instruction count = 9000
SVP entry #:   tag(hex)   conf   retired_value   stride   instance    insn_num
          0:         0      0                0          0          0      9000
          1:         0      0                0          0          0      9000
          2:         0      0                0          0          0      9000
          3:         0      0                0          0          0      9000
          4:         0      0                0          0          0      9000
          5:         0      0                0          0          0      9000
          6:        a8     13              359          1          0      9000
          7:        a8     13             1796          0          0      9000
          8:        a8     13              359          1          0      9000
          9:        a8     13             1796          0          0      9000
         10:        a8     13             2047          0          0      9000
         11:        a8     13  18446744073709551256         -1          0      9000
         12:        a8     13  18446744073709549819          0          0      9000
         13:        a8     13  18446744073709551615          0          0      9000
         14:        a8     13  18446744073709551615          0          0      9000
         15:        a8     13              359          1          0      9000
         16:        a8     13             1796          0          0      9000
         17:        a9     31             2688          0          2      9000
         18:        a8      0              361        361          2      9000
         19:        a8      0             1798       1798          2      9000
         20:        a8      0              359        359          2      9000
         21:        a8      0             1796       1796          2      9000
         22:        a9      0             1797          1          2      9000
         23:        a8      0              361        361          2      9000
         24:        a8      0             4096       4096          2      9000
         25:        a8     13           709176          0          0      9000
         26:        a8     13             2047          0          0      9000
         27:        a8     13             1798          0          0      9000
         28:        a8     13             2047          0          0      9000
         29:         0      0                0          0          0      9000
         30:        a8     13             1798          0          0      9000
         31:        a8     13             1798          0          0      9000
         32:        a8      0         77883344   77883344          2      9000
         33:        a9     31              168          0          2      9000
         34:        a8     13          9998336          0          0      9000
         35:        a8     13             4096          0          0      9000
         36:        a8     13             1799          0          0      9000
         37:        a8     13                1          0          0      9000
         38:        a8     13         10000000          0          0      9000
         39:        a8     13              362          1          0      9000
         40:        a8     13           709176          0          0      9000
         41:         0      0                0          0          0      9000
         42:        a8      1              359          0          0      9000
         43:         0      0                0          0          0      9000
         44:         0      0                0          0          0      9000
         45:        a8      1          3682304          0          0      9000
         46:        a8     31               87          0          0      9000
         47:        a8      1          3682665          1          0      9000
         48:        a8      1         81566009          1          0      9000
         49:        a8      1         14730660          4          0      9000
         50:        a8      1        130816244          4          0      9000
         51:        a8      2               82          0          0      9000
         52:         0      0                0          0          0      9000
         53:        a8      0            16022          1          0      9000
         54:         0      0                0          0          0      9000
         55:        a8     13            16021          0          0      9000
         56:        a8     14                0          0          0      9000
         57:         0      0                0          0          0      9000
         58:        a7      0             4096       4096          0      9000
         59:        a7      0           709176     709176          0      9000
         60:        a7      0             2048       2048          0      9000
         61:        a7      0         77883344   77883344          0      9000
         62:        a7      0        535742800  535742800          0      9000
         63:        a7      0          3682304    3682304          0      9000
         64:         0      0                0          0          0      9000
         65:         0      0                0          0          0      9000
         66:        a8     31         77883344          0          1      9000
         67:        a8     31             2048          0          1      9000
         68:        a8      0        116085584  116085584          1      9000
         69:        a8      0              361        361          1      9000
         70:        a7      0              360          1          1      9000
         71:        a7      0          3682664          1          1      9000
         72:        a7      0         81566008          1          1      9000
         73:        a7     31                1          0          1      9000
         74:        a7     31           705081          0          1      9000
         75:        a7     31                1          0          1      9000
         76:        a7     31            15768          0          1      9000
         77:        a7     31                0          0          1      9000
         78:        a7     31                0          0          1      9000
         79:        a7      1            15768          0          2      9000
         80:        a7      1              152          0          2      9000
         81:        a7      1              152          0          2      9000
         82:        a7      1             2432          0          2      9000
         83:        a7      1           707512          0          2      9000
         84:        a7      1             1124          1          2      9000
         85:        a7      1             4096          0          2      9000
         86:        a8     12                1          0          1      9000
         87:         0      0                0          0          0      9000
         88:        a8     12            16022          0          1      9000
         89:         0      0                0          0          0      9000
         90:         0      0                0          0          0      9000
         91:         0      0                0          0          0      9000
         92:        a8     12             4096          0          1      9000
         93:        a7      1         99809424          0          2      9000
         94:        a7      1             8992          8          2      9000
         95:        a7     31             1125          1          1      9000
         96:        a7     31         99818416          8          1      9000
         97:         0      0                0          0          0      9000
         98:         0      0                0          0          0      9000
         99:        a7     31            86280          0          1      9000
        100:        a8     31            86632          0          3      9000
        101:        a7      1            16021          0          4      9000
        102:        a7      1           709176          0          4      9000
        103:        a7      1              359          0          4      9000
        104:        a7      1        535742832          0          4      9000
        105:        a8     31             1420          0          3      9000
        106:        a7      0        535742832  535742832          4      9000
        107:        a8     31  18446744073709547216          0          2      9000
        108:        a7      0           705080     705080          4      9000
        109:        a7      0             4096       4096          4      9000
        110:        a7      0           709176     709176          4      9000
        111:        a7      0             2048       2048          4      9000
        112:        a8     31           709176          0          2      9000
        113:        a7      0             1797       1797          4      9000
        114:        a7      0          3680256       2048          2      9000
        115:        a7     31        116085584          0          2      9000
        116:         0      0                0          0          0      9000
        117:        a7      0              360          3          2      9000
        118:        a7     31               87          0          2      9000
        119:         0      0                0          0          0      9000
        120:         0      0                0          0          0      9000
        121:         0      0                0          0          0      9000
        122:         0      0                0          0          0      9000
        123:         0      0                0          0          0      9000
        124:        a7      0          3680616       2051          2      9000
        125:        a7      0         14722464       8204          2      9000
        126:        a7      0        130808048       8204          2      9000
        127:        a7      0               82         -5          2      9000
VPQ entry #:   PC(hex)   PCtag(hex)   PCindex(hex)
        242:     14f10             a7              44
        243:     14f14             a7              45
        244:     14f18             a7              46
        245:     14f1c             a7              47
        246:     14f20             a7              48
        247:     14f24             a7              49
        248:     14f28             a7              4a
        249:     14f2c             a7              4b
        250:     14f30             a7              4c
        251:     14f34             a7              4d
        252:     14f38             a7              4e
        253:     14f3c             a7              4f
        254:     14f40             a7              50
        255:     14f44             a7              51
        256:     14f48             a7              52
        257:     14f4c             a7              53
        258:     14f50             a7              54
        259:     14f54             a7              55
        260:     14f74             a7              5d
        261:     14f78             a7              5e
        262:     14f7c             a7              5f
        263:     14f80             a7              60
        264:     14f8c             a7              63
        265:     14f94             a7              65
        266:     14f98             a7              66
        267:     14f9c             a7              67
        268:     14fa0             a7              68
        269:     15108             a8              42
        270:     1510c             a8              43
        271:     15110             a8              44
        272:     15114             a8              45
        273:     1511c             a8              47
        274:     1513c             a8              4f
        275:     15140             a8              50
        276:     15144             a8              51
        277:     15148             a8              52
        278:     1514c             a8              53
        279:     15150             a8              54
        280:     15154             a8              55
        281:     15158             a8              56
        282:     15160             a8              58
        283:     15170             a8              5c
        284:     15174             a8              5d
        285:     15178             a8              5e
        286:     15190             a8              64
        287:     15194             a8              65
        288:     15198             a8              66
        289:     1519c             a8              67
        290:     151a0             a8              68
        291:     151a4             a8              69
        292:     151a8             a8              6a
        293:     151ac             a8              6b
        294:     151b0             a8              6c
        295:     151b4             a8              6d
        296:     151b8             a8              6e
        297:     151bc             a8              6f
        298:     151c0             a8              70
        299:     151c4             a8              71
          0:     15280             a9              20
          1:     15284             a9              21
          2:     15244             a9              11
          3:     15248             a9              12
          4:     1524c             a9              13
          5:     15250             a9              14
          6:     15254             a9              15
          7:     15258             a9              16
          8:     1525c             a9              17
          9:     15260             a9              18
         10:     14fa8             a7              6a
         11:     14fb0             a7              6c
         12:     14fb4             a7              6d
         13:     14fb8             a7              6e
         14:     14fbc             a7              6f
         15:     14fc4             a7              71
         16:     14fc8             a7              72
         17:     14fcc             a7              73
         18:     14fd4             a7              75
         19:     14fd8             a7              76
         20:     14ff0             a7              7c
         21:     14ff4             a7              7d
         22:     14ff8             a7              7e
         23:     14ffc             a7              7f
         24:     15190             a8              64
         25:     15194             a8              65
         26:     15198             a8              66
         27:     1519c             a8              67
         28:     151a0             a8              68
         29:     151a4             a8              69
         30:     151a8             a8              6a
         31:     151ac             a8              6b
         32:     151b0             a8              6c
         33:     151b4             a8              6d
         34:     151b8             a8              6e
         35:     151bc             a8              6f
         36:     151c0             a8              70
         37:     151c4             a8              71
         38:     15280             a9              20
         39:     15284             a9              21
         40:     15244             a9              11
         41:     15248             a9              12
         42:     1524c             a9              13
         43:     15250             a9              14
         44:     15254             a9              15
         45:     15258             a9              16
         46:     1525c             a9              17
         47:     15260             a9              18
         48:     14fa8             a7              6a
         49:     14fb0             a7              6c
         50:     14fb4             a7              6d
         51:     14fb8             a7              6e
         52:     14fbc             a7              6f
         53:     14fc4             a7              71
         54:     14fc8             a7              72
         55:     14fcc             a7              73
         56:     14fd4             a7              75
         57:     14fd8             a7              76
         58:     14ff0             a7              7c
         59:     14ff4             a7              7d
         60:     14ff8             a7              7e
         61:     14ffc             a7              7f
         62:     15190             a8              64
         63:     15194             a8              65
         64:     15198             a8              66
         65:     1519c             a8              67
         66:     151a0             a8              68
         67:     151a4             a8              69
-------- DEBUG: retired instruction count = 10000
SVP entry #:   tag(hex)   conf   retired_value   stride   instance    insn_num
          0:         0      0                0          0          0     10000
          1:         0      0                0          0          0     10000
          2:         0      0                0          0          0     10000
          3:         0      0                0          0          0     10000
          4:         0      0                0          0          0     10000
          5:         0      0                0          0          0     10000
          6:        a8     15              361          1          0     10000
          7:        a8     15             1796          0          0     10000
          8:        a8     15              361          1          0     10000
          9:        a8     15             1796          0          0     10000
         10:        a8     15             2047          0          0     10000
         11:        a8     15  18446744073709551254         -1          0     10000
         12:        a8     15  18446744073709549819          0          0     10000
         13:        a8     15  18446744073709551615          0          0     10000
         14:        a8     15  18446744073709551615          0          0     10000
         15:        a8     15              361          1          0     10000
         16:        a8     15             1796          0          0     10000
         17:        a9     31             2688          0          0     10000
         18:        a8      0              363        363          0     10000
         19:        a8      0             1798       1798          0     10000
         20:        a8      0              361        361          0     10000
         21:        a8      0             1796       1796          0     10000
         22:        a9      0             1797          1          0     10000
         23:        a8      0              363        363          0     10000
         24:        a8      0             4096       4096          0     10000
         25:        a8     15           709176          0          0     10000
         26:        a8     15             2047          0          0     10000
         27:        a8     15             1798          0          0     10000
         28:        a8     15             2047          0          0     10000
         29:         0      0                0          0          0     10000
         30:        a8     15             1798          0          0     10000
         31:        a8     15             1798          0          0     10000
         32:        a8      0         77883344   77883344          0     10000
         33:        a9     31              168          0          0     10000
         34:        a8     15          9998336          0          0     10000
         35:        a8     15             4096          0          0     10000
         36:        a8     15             1799          0          0     10000
         37:        a8     15                1          0          0     10000
         38:        a8     15         10000000          0          0     10000
         39:        a8     15              364          1          0     10000
         40:        a8     15           709176          0          0     10000
         41:         0      0                0          0          0     10000
         42:        a8      0              361          0          1     10000
         43:         0      0                0          0          0     10000
         44:         0      0                0          0          0     10000
         45:        a8      0          3680256          0          3     10000
         46:        a8     31               87          0          3     10000
         47:        a8      0          3680619          2          3     10000
         48:        a8      0         81563963          2          3     10000
         49:        a8      0         14722476          8          3     10000
         50:        a8      0        130808060          8          3     10000
         51:        a8      0               82         -5          3     10000
         52:         0      0                0          0          0     10000
         53:        a8      0            16022          1          0     10000
         54:         0      0                0          0          0     10000
         55:        a8     15            16021          0          0     10000
         56:        a8     16                0          0          0     10000
         57:         0      0                0          0          0     10000
         58:        a8      0                1          1          3     10000
         59:        a7      0           709176     709176          8     10000
         60:        a7      0             2048       2048          8     10000
         61:        a7      0         77883344   77883344          8     10000
         62:        a7      0        535742800  535742800          8     10000
         63:        a7      0          3682304    3682304          8     10000
         64:         0      0                0          0          0     10000
         65:         0      0                0          0          0     10000
         66:        a8     31         77883344          0          3     10000
         67:        a8     31             2048          0          3     10000
         68:        a8      0        116085584  116085584          7     10000
         69:        a8      0              363          1          7     10000
         70:        a7      1              362          1          4     10000
         71:        a8      0             1797         -2          5     10000
         72:        a7      1         81566010          1          3     10000
         73:        a7     31                1          0          3     10000
         74:        a7     31           705081          0          3     10000
         75:        a7     31                1          0          3     10000
         76:        a7     31            15768          0          3     10000
         77:        a7     31                0          0          3     10000
         78:        a7     31                0          0          3     10000
         79:        a8      0          3680256    3680256          3     10000
         80:        a8      0          3680617    3680617          3     10000
         81:        a8      0         81563961   81563961          3     10000
         82:        a8      0                1          1          3     10000
         83:        a8      0         14722468   14722468          3     10000
         84:        a8      0        130808052  130808052          3     10000
         85:        a8      0           705081     705081          3     10000
         86:        a8     14                1          0          0     10000
         87:         0      0                0          0          0     10000
         88:        a8     14            16022          0          0     10000
         89:         0      0                0          0          0     10000
         90:         0      0                0          0          0     10000
         91:         0      0                0          0          0     10000
         92:        a8     14             4096          0          0     10000
         93:        a8      0           709176     709176          3     10000
         94:        a8      0             1857       1857          3     10000
         95:        a7     31             1130          1          3     10000
         96:        a7     31         99818456          8          3     10000
         97:         0      0                0          0          0     10000
         98:         0      0                0          0          0     10000
         99:        a7     31            86280          0          3     10000
        100:        a8     31            86632          0          0     10000
        101:        a8      2             9024         -8          3     10000
        102:        a8      2           705080          0          3     10000
        103:        a8      2           709176          0          3     10000
        104:        a8      2  18446744073709551608          0          3     10000
        105:        a8     31             1420          0          0     10000
        106:        a7      0        535742832  535742832          0     10000
        107:        a8     31  18446744073709547216          0          0     10000
        108:        a7      0           705080     705080          0     10000
        109:        a7      0             4096       4096          0     10000
        110:        a7      0           709176     709176          0     10000
        111:        a7      0             2048       2048          0     10000
        112:        a8     31           709176          0          0     10000
        113:        a7      0             1797       1797          0     10000
        114:        a7      0          3680256       2048          0     10000
        115:        a7     31        116085584          0          0     10000
        116:         0      0                0          0          0     10000
        117:        a7      0              362          3          0     10000
        118:        a7     31               87          0          0     10000
        119:         0      0                0          0          0     10000
        120:         0      0                0          0          0     10000
        121:         0      0                0          0          0     10000
        122:         0      0                0          0          0     10000
        123:         0      0                0          0          0     10000
        124:        a7      0          3680618       2051          0     10000
        125:        a7      0         14722472       8204          0     10000
        126:        a7      0        130808056       8204          0     10000
        127:        a7      0               82         -5          0     10000
VPQ entry #:   PC(hex)   PCtag(hex)   PCindex(hex)
         59:     150ec             a8              3b
         60:     150f0             a8              3c
         61:     150f4             a8              3d
         62:     150f8             a8              3e
         63:     150fc             a8              3f
         64:     14ee8             a7              3a
         65:     14eec             a7              3b
         66:     14ef0             a7              3c
         67:     14ef4             a7              3d
         68:     14ef8             a7              3e
         69:     14efc             a7              3f
         70:     14f10             a7              44
         71:     14f14             a7              45
         72:     14f18             a7              46
         73:     14f1c             a7              47
         74:     14f20             a7              48
         75:     14f24             a7              49
         76:     14f28             a7              4a
         77:     14f2c             a7              4b
         78:     14f30             a7              4c
         79:     14f34             a7              4d
         80:     14f38             a7              4e
         81:     14f3c             a7              4f
         82:     14f40             a7              50
         83:     14f44             a7              51
         84:     14f48             a7              52
         85:     14f4c             a7              53
         86:     14f50             a7              54
         87:     14f54             a7              55
         88:     14f74             a7              5d
         89:     14f78             a7              5e
         90:     14f7c             a7              5f
         91:     14f80             a7              60
         92:     14f8c             a7              63
         93:     14f94             a7              65
         94:     14f98             a7              66
         95:     14f9c             a7              67
         96:     14fa0             a7              68
         97:     15108             a8              42
         98:     1510c             a8              43
         99:     15110             a8              44
        100:     15114             a8              45
        101:     1511c             a8              47
        102:     150a8             a8              2a
        103:     150b4             a8              2d
        104:     150b8             a8              2e
        105:     150bc             a8              2f
        106:     150c0             a8              30
        107:     150c4             a8              31
        108:     150c8             a8              32
        109:     150cc             a8              33
        110:     150e8             a8              3a
        111:     150ec             a8              3b
        112:     150f0             a8              3c
        113:     150f4             a8              3d
        114:     150f8             a8              3e
        115:     150fc             a8              3f
        116:     14ee8             a7              3a
        117:     14eec             a7              3b
        118:     14ef0             a7              3c
        119:     14ef4             a7              3d
        120:     14ef8             a7              3e
        121:     14efc             a7              3f
        122:     14f10             a7              44
        123:     14f14             a7              45
        124:     14f18             a7              46
        125:     14f1c             a7              47
        126:     14f20             a7              48
        127:     14f24             a7              49
        128:     14f28             a7              4a
        129:     14f2c             a7              4b
        130:     14f30             a7              4c
        131:     14f34             a7              4d
        132:     14f38             a7              4e
        133:     14f3c             a7              4f
        134:     14f40             a7              50
        135:     14f44             a7              51
        136:     14f48             a7              52
        137:     14f4c             a7              53
        138:     14f50             a7              54
        139:     14f54             a7              55
        140:     14f74             a7              5d
        141:     14f78             a7              5e
        142:     14f7c             a7              5f
        143:     14f80             a7              60
        144:     14f8c             a7              63
        145:     14f94             a7              65
        146:     14f98             a7              66
        147:     14f9c             a7              67
        148:     14fa0             a7              68
        149:     15108             a8              42
        150:     1510c             a8              43
        151:     15110             a8              44
        152:     15114             a8              45
        153:     150b4             a8              2d
        154:     150b8             a8              2e
        155:     150bc             a8              2f
        156:     150c0             a8              30
        157:     150c4             a8              31
        158:     150c8             a8              32
        159:     150cc             a8              33
        160:     150e8             a8              3a
        161:     150ec             a8              3b
        162:     150f0             a8              3c
        163:     150f4             a8              3d
        164:     150f8             a8              3e
        165:     150fc             a8              3f
        166:     14ee8             a7              3a
        167:     14eec             a7              3b
        168:     14ef0             a7              3c
        169:     14ef4             a7              3d
        170:     14ef8             a7              3e
        171:     14efc             a7              3f
        172:     14f10             a7              44
        173:     14f14             a7              45
        174:     14f18             a7              46
        175:     14f1c             a7              47
        176:     14f20             a7              48
        177:     14f24             a7              49
        178:     14f28             a7              4a
        179:     14f2c             a7              4b
        180:     14f30             a7              4c
        181:     14f34             a7              4d
        182:     14f38             a7              4e
        183:     14f3c             a7              4f
        184:     14f40             a7              50
        185:     14f44             a7              51
        186:     14f48             a7              52
        187:     14f4c             a7              53
        188:     14f50             a7              54
        189:     14f54             a7              55
        190:     14f74             a7              5d
        191:     14f78             a7              5e
        192:     14f7c             a7              5f
        193:     14f80             a7              60
        194:     14f8c             a7              63
        195:     14f94             a7              65
        196:     14f98             a7              66
        197:     14f9c             a7              67
        198:     14fa0             a7              68
        199:     15108             a8              42
        200:     1510c             a8              43
        201:     15110             a8              44
        202:     15114             a8              45
        203:     150b4             a8              2d
        204:     150b8             a8              2e
        205:     150bc             a8              2f
        206:     150c0             a8              30
        207:     150c4             a8              31
        208:     150c8             a8              32
        209:     150cc             a8              33
        210:     150e8             a8              3a
        211:     150ec             a8              3b
        212:     150f0             a8              3c
        213:     150f4             a8              3d
        214:     150f8             a8              3e
        215:     150fc             a8              3f
        216:     14ee8             a7              3a
        217:     14eec             a7              3b
        218:     14ef0             a7              3c
        219:     14ef4             a7              3d
        220:     14ef8             a7              3e
        221:     14efc             a7              3f
        222:     14f10             a7              44
        223:     14f14             a7              45
        224:     14f18             a7              46
        225:     14f1c             a7              47
-------- DEBUG: retired instruction count = 11000
SVP entry #:   tag(hex)   conf   retired_value   stride   instance    insn_num
          0:         0      0                0          0          0     11000
          1:         0      0                0          0          0     11000
          2:         0      0                0          0          0     11000
          3:         0      0                0          0          0     11000
          4:         0      0                0          0          0     11000
          5:         0      0                0          0          0     11000
          6:        a8     16              362          1          1     11000
          7:        a8     16             1796          0          1     11000
          8:        a8     16              362          1          1     11000
          9:        a8     16             1796          0          1     11000
         10:        a8     16             2047          0          1     11000
         11:        a8     16  18446744073709551253         -1          1     11000
         12:        a8     16  18446744073709549819          0          1     11000
         13:        a8     16  18446744073709551615          0          1     11000
         14:        a8     16  18446744073709551615          0          1     11000
         15:        a8     16              362          1          1     11000
         16:        a8     16             1796          0          1     11000
         17:        a9     31             2688          0          2     11000
         18:        a9      0           707768          0          3     11000
         19:        a9      0         92868880          0          3     11000
         20:        a9      0           705080          0          3     11000
         21:        a9      0         92877856         -8          3     11000
         22:        a9      1             1797          0          2     11000
         23:        a9      0              361         -1          3     11000
         24:        a9      0             8968         -8          3     11000
         25:        a8     16           709176          0          1     11000
         26:        a8     16             2047          0          1     11000
         27:        a8     16             1798          0          1     11000
         28:        a8     16             2047          0          1     11000
         29:         0      0                0          0          0     11000
         30:        a8     16             1798          0          1     11000
         31:        a8     16             1798          0          1     11000
         32:        a9      0              151          0          3     11000
         33:        a9     31              168          0          2     11000
         34:        a8     16          9998336          0          1     11000
         35:        a8     16             4096          0          1     11000
         36:        a8     16             1799          0          1     11000
         37:        a8     16                1          0          1     11000
         38:        a8     16         10000000          0          1     11000
         39:        a8     16              365          1          1     11000
         40:        a8     16           709176          0          1     11000
         41:         0      0                0          0          0     11000
         42:        a8      1              362          0          1     11000
         43:         0      0                0          0          0     11000
         44:         0      0                0          0          0     11000
         45:        a8      1          3682304          0          1     11000
         46:        a8     31               87          0          0     11000
         47:        a8      1          3682668          1          0     11000
         48:        a8      1         81566012          1          0     11000
         49:        a8      1         14730672          4          0     11000
         50:        a8      1        130816256          4          0     11000
         51:        a8      2               82          0          0     11000
         52:         0      0                0          0          0     11000
         53:        a8      0            16022          1          0     11000
         54:         0      0                0          0          0     11000
         55:        a8     16            16021          0          0     11000
         56:        a8     17                0          0          0     11000
         57:         0      0                0          0          0     11000
         58:        a7      0             4096       4096          0     11000
         59:        a7      0           709176     709176          0     11000
         60:        a7      0             2048       2048          0     11000
         61:        a7      0         77883344   77883344          0     11000
         62:        a7      0        535742800  535742800          0     11000
         63:        a7      0          3682304    3682304          0     11000
         64:         0      0                0          0          0     11000
         65:         0      0                0          0          0     11000
         66:        a8     31         77883344          0          0     11000
         67:        a8     31             2048          0          0     11000
         68:        a8      0        116085584  116085584          0     11000
         69:        a8      0              365        365          0     11000
         70:        a7      1              364          1          0     11000
         71:        a8      0             1799       1799          0     11000
         72:        a7      1         81566012          1          0     11000
         73:        a7     31                1          0          0     11000
         74:        a7     31           705081          0          0     11000
         75:        a7     31                1          0          0     11000
         76:        a7     31            15768          0          0     11000
         77:        a7     31                0          0          0     11000
         78:        a7     31                0          0          0     11000
         79:        a8      0          3680256    3680256          0     11000
         80:        a8      0          3680619    3680619          0     11000
         81:        a8      0         81563963   81563963          0     11000
         82:        a8      0                1          1          0     11000
         83:        a8      0         14722476   14722476          0     11000
         84:        a8      0        130808060  130808060          0     11000
         85:        a8      0           705081     705081          0     11000
         86:        a8     16                1          0          0     11000
         87:         0      0                0          0          0     11000
         88:        a8     16            16022          0          0     11000
         89:         0      0                0          0          0     11000
         90:         0      0                0          0          0     11000
         91:         0      0                0          0          0     11000
         92:        a8     16             4096          0          0     11000
         93:        a8      0           709176     709176          0     11000
         94:        a8      0             1857       1857          0     11000
         95:        a7     31             1138          1          0     11000
         96:        a7     31         99818520          8          0     11000
         97:         0      0                0          0          0     11000
         98:         0      0                0          0          0     11000
         99:        a7     31            86280          0          0     11000
        100:        a8     31            86632          0          1     11000
        101:        a8      1             8968         -8          1     11000
        102:        a8      1           705080          0          1     11000
        103:        a8      1           709176          0          1     11000
        104:        a8      1  18446744073709551608          0          1     11000
        105:        a8     31             1420          0          1     11000
        106:        a8      0           705000     705000          1     11000
        107:        a8     31  18446744073709547216          0          1     11000
        108:        a8      0           704592     704592          1     11000
        109:        a8      0        535743536  535743536          1     11000
        110:        a8      0             1857       1857          1     11000
        111:        a8      0        535743116  535743116          1     11000
        112:        a8     31           709176          0          1     11000
        113:        a7      0             1797       1797          2     11000
        114:        a7      1          3680256          0          2     11000
        115:        a7     31        116085584          0          2     11000
        116:         0      0                0          0          0     11000
        117:        a7      1              361         -1          2     11000
        118:        a7     31               87          0          2     11000
        119:         0      0                0          0          0     11000
        120:         0      0                0          0          0     11000
        121:         0      0                0          0          0     11000
        122:         0      0                0          0          0     11000
        123:         0      0                0          0          0     11000
        124:        a7      1          3680617         -1          2     11000
        125:        a7      1         14722468         -4          2     11000
        126:        a7      1        130808052         -4          2     11000
        127:        a7      0               87          0          2     11000
VPQ entry #:   PC(hex)   PCtag(hex)   PCindex(hex)
        195:     151c4             a8              71
        196:     15280             a9              20
        197:     15284             a9              21
        198:     15244             a9              11
        199:     15248             a9              12
        200:     1524c             a9              13
        201:     15250             a9              14
        202:     15254             a9              15
        203:     15258             a9              16
        204:     1525c             a9              17
        205:     15260             a9              18
        206:     14fa8             a7              6a
        207:     14fb0             a7              6c
        208:     14fb4             a7              6d
        209:     14fb8             a7              6e
        210:     14fbc             a7              6f
        211:     14fc4             a7              71
        212:     14fc8             a7              72
        213:     14fcc             a7              73
        214:     14fd4             a7              75
        215:     14fd8             a7              76
        216:     14ff0             a7              7c
        217:     14ff4             a7              7d
        218:     14ff8             a7              7e
        219:     14ffc             a7              7f
        220:     15190             a8              64
        221:     15194             a8              65
        222:     15198             a8              66
        223:     1519c             a8              67
        224:     151a0             a8              68
        225:     151a4             a8              69
        226:     151a8             a8              6a
        227:     151ac             a8              6b
        228:     151b0             a8              6c
        229:     151b4             a8              6d
        230:     151b8             a8              6e
        231:     151bc             a8              6f
        232:     151c0             a8              70
        233:     151c4             a8              71
        234:     15280             a9              20
        235:     15284             a9              21
        236:     15244             a9              11
        237:     15248             a9              12
        238:     1524c             a9              13
        239:     15250             a9              14
        240:     15254             a9              15
        241:     15258             a9              16
        242:     1525c             a9              17
        243:     15260             a9              18
        244:     14fa8             a7              6a
        245:     14fb0             a7              6c
        246:     14fb4             a7              6d
        247:     14fb8             a7              6e
        248:     14fbc             a7              6f
        249:     14fc4             a7              71
        250:     14fc8             a7              72
        251:     14fcc             a7              73
        252:     14fd4             a7              75
        253:     14fd8             a7              76
        254:     14ff0             a7              7c
        255:     14ff4             a7              7d
        256:     14ff8             a7              7e
        257:     14ffc             a7              7f
        258:     15018             a8               6
        259:     1501c             a8               7
        260:     15020             a8               8
        261:     15024             a8               9
        262:     15028             a8               a
        263:     1502c             a8               b
        264:     15030             a8               c
        265:     15034             a8               d
        266:     15038             a8               e
        267:     1503c             a8               f
        268:     15040             a8              10
        269:     15048             a8              12
        270:     1504c             a8              13
        271:     15050             a8              14
        272:     15054             a8              15
        273:     1505c             a8              17
        274:     15060             a8              18
        275:     15064             a8              19
        276:     15068             a8              1a
        277:     1506c             a8              1b
        278:     15070             a8              1c
        279:     15078             a8              1e
        280:     1507c             a8              1f
        281:     15080             a8              20
        282:     15088             a8              22
        283:     1508c             a8              23
        284:     15090             a8              24
        285:     15094             a8              25
        286:     15098             a8              26
        287:     1509c             a8              27
        288:     150a0             a8              28
        289:     150a8             a8              2a
        290:     150b4             a8              2d
-------- DEBUG: retired instruction count = 12000
SVP entry #:   tag(hex)   conf   retired_value   stride   instance    insn_num
          0:         0      0                0          0          0     12000
          1:         0      0                0          0          0     12000
          2:         0      0                0          0          0     12000
          3:         0      0                0          0          0     12000
          4:         0      0                0          0          0     12000
          5:         0      0                0          0          0     12000
          6:        a8     18              364          1          0     12000
          7:        a8     18             1796          0          0     12000
          8:        a8     18              364          1          0     12000
          9:        a8     18             1796          0          0     12000
         10:        a8     18             2047          0          0     12000
         11:        a8     18  18446744073709551251         -1          0     12000
         12:        a8     18  18446744073709549819          0          0     12000
         13:        a8     18  18446744073709551615          0          0     12000
         14:        a8     18  18446744073709551615          0          0     12000
         15:        a8     18              364          1          0     12000
         16:        a8     18             1796          0          0     12000
         17:        a9     31             2688          0          1     12000
         18:        a8      0              366        366          1     12000
         19:        a8      0             1798       1798          1     12000
         20:        a8      0              364        364          1     12000
         21:        a8      0             1796       1796          1     12000
         22:        a9      0             1797          1          1     12000
         23:        a8      0              366        366          1     12000
         24:        a8      0             4096       4096          1     12000
         25:        a8     18           709176          0          0     12000
         26:        a8     18             2047          0          0     12000
         27:        a8     18             1798          0          0     12000
         28:        a8     18             2047          0          0     12000
         29:         0      0                0          0          0     12000
         30:        a8     18             1798          0          0     12000
         31:        a8     18             1798          0          0     12000
         32:        a8      0         77883344   77883344          1     12000
         33:        a9     31              168          0          1     12000
         34:        a8     18          9998336          0          0     12000
         35:        a8     18             4096          0          0     12000
         36:        a8     18             1799          0          0     12000
         37:        a8     18                1          0          0     12000
         38:        a8     18         10000000          0          0     12000
         39:        a8     18              367          1          0     12000
         40:        a8     18           709176          0          0     12000
         41:         0      0                0          0          0     12000
         42:        a8      1              364          0          0     12000
         43:         0      0                0          0          0     12000
         44:         0      0                0          0          0     12000
         45:        a8      0          3682304          0          1     12000
         46:        a8     31               87          0          1     12000
         47:        a8      0          3682669          1          1     12000
         48:        a8      0         81566013          1          1     12000
         49:        a8      0         14730676          4          1     12000
         50:        a8      0        130816260          4          1     12000
         51:        a8      1               82          0          1     12000
         52:         0      0                0          0          0     12000
         53:        a8      0            16022          1          0     12000
         54:         0      0                0          0          0     12000
         55:        a8     18            16021          0          0     12000
         56:        a8     19                0          0          0     12000
         57:         0      0                0          0          0     12000
         58:        a7      0             4096       4096          1     12000
         59:        a7      0           709176     709176          1     12000
         60:        a7      0             2048       2048          1     12000
         61:        a7      0         77883344   77883344          1     12000
         62:        a7      0        535742800  535742800          1     12000
         63:        a7      0          3682304    3682304          1     12000
         64:         0      0                0          0          0     12000
         65:         0      0                0          0          0     12000
         66:        a8     31         77883344          0          1     12000
         67:        a8     31             2048          0          1     12000
         68:        a8      0        116085584  116085584          1     12000
         69:        a7      0            15767      15767          1     12000
         70:        a7      0              365          1          1     12000
         71:        a7      0          3682669          1          2     12000
         72:        a7      0         81566013          1          1     12000
         73:        a7     31                1          0          1     12000
         74:        a7     31           705081          0          1     12000
         75:        a7     31                1          0          1     12000
         76:        a7     31            15768          0          1     12000
         77:        a7     31                0          0          1     12000
         78:        a7     31                0          0          1     12000
         79:        a7      1            15768          0          2     12000
         80:        a7      1              152          0          2     12000
         81:        a7      1              152          0          2     12000
         82:        a7      1             2432          0          2     12000
         83:        a7      1           707512          0          2     12000
         84:        a7      1             1144          1          2     12000
         85:        a7      1             4096          0          2     12000
         86:        a8     17                1          0          1     12000
         87:         0      0                0          0          0     12000
         88:        a8     17            16022          0          1     12000
         89:         0      0                0          0          0     12000
         90:         0      0                0          0          0     12000
         91:         0      0                0          0          0     12000
         92:        a8     17             4096          0          1     12000
         93:        a7      1         99809424          0          2     12000
         94:        a7      1             9152          8          2     12000
         95:        a7     31             1145          1          1     12000
         96:        a7     31         99818576          8          1     12000
         97:         0      0                0          0          0     12000
         98:         0      0                0          0          0     12000
         99:        a7     31            86280          0          1     12000
        100:        a8     31            86632          0          1     12000
        101:        a7      1            16021          0          2     12000
        102:        a7      1           709176          0          2     12000
        103:        a7      1              364          0          2     12000
        104:        a7      1        535742832          0          2     12000
        105:        a8     31             1420          0          1     12000
        106:        a7      0        535742832  535742832          2     12000
        107:        a8     31  18446744073709547216          0          1     12000
        108:        a7      0           705080     705080          2     12000
        109:        a7      0             4096       4096          2     12000
        110:        a7      0           709176     709176          2     12000
        111:        a7      0             2048       2048          2     12000
        112:        a8     31           709176          0          1     12000
        113:        a7      0             1797       1797          2     12000
        114:        a7      0          3680256       2048          0     12000
        115:        a7     31        116085584          0          0     12000
        116:         0      0                0          0          0     12000
        117:        a7      0              365          3          0     12000
        118:        a7     31               87          0          0     12000
        119:         0      0                0          0          0     12000
        120:         0      0                0          0          0     12000
        121:         0      0                0          0          0     12000
        122:         0      0                0          0          0     12000
        123:         0      0                0          0          0     12000
        124:        a7      0          3680621       2051          0     12000
        125:        a7      0         14722484       8204          0     12000
        126:        a7      0        130808068       8204          0     12000
        127:        a7      0               82         -5          0     12000
VPQ entry #:   PC(hex)   PCtag(hex)   PCindex(hex)
         22:     15114             a8              45
         23:     150b4             a8              2d
         24:     150b8             a8              2e
         25:     150bc             a8              2f
         26:     150c0             a8              30
         27:     150c4             a8              31
         28:     150c8             a8              32
         29:     150cc             a8              33
         30:     150e8             a8              3a
         31:     150ec             a8              3b
         32:     150f0             a8              3c
         33:     150f4             a8              3d
         34:     150f8             a8              3e
         35:     150fc             a8              3f
         36:     14ee8             a7              3a
         37:     14eec             a7              3b
         38:     14ef0             a7              3c
         39:     14ef4             a7              3d
         40:     14ef8             a7              3e
         41:     14efc             a7              3f
         42:     14f10             a7              44
         43:     14f14             a7              45
         44:     14f18             a7              46
         45:     14f1c             a7              47
         46:     14f20             a7              48
         47:     14f24             a7              49
         48:     14f28             a7              4a
         49:     14f2c             a7              4b
         50:     14f30             a7              4c
         51:     14f34             a7              4d
         52:     14f38             a7              4e
         53:     14f3c             a7              4f
         54:     14f40             a7              50
         55:     14f44             a7              51
         56:     14f48             a7              52
         57:     14f4c             a7              53
         58:     14f50             a7              54
         59:     14f54             a7              55
         60:     14f74             a7              5d
         61:     14f78             a7              5e
         62:     14f7c             a7              5f
         63:     14f80             a7              60
         64:     14f8c             a7              63
         65:     14f94             a7              65
         66:     14f98             a7              66
         67:     14f9c             a7              67
         68:     14fa0             a7              68
         69:     15108             a8              42
         70:     1510c             a8              43
         71:     15110             a8              44
         72:     15114             a8              45
         73:     1511c             a8              47
         74:     1513c             a8              4f
         75:     15140             a8              50
         76:     15144             a8              51
         77:     15148             a8              52
         78:     1514c             a8              53
         79:     15150             a8              54
         80:     15154             a8              55
         81:     15158             a8              56
         82:     15160             a8              58
         83:     15170             a8              5c
         84:     15174             a8              5d
         85:     15178             a8              5e
         86:     15190             a8              64
         87:     15194             a8              65
         88:     15198             a8              66
         89:     1519c             a8              67
         90:     151a0             a8              68
         91:     151a4             a8              69
         92:     151a8             a8              6a
         93:     151ac             a8              6b
         94:     151b0             a8              6c
         95:     151b4             a8              6d
         96:     151b8             a8              6e
         97:     151bc             a8              6f
         98:     151c0             a8              70
         99:     151c4             a8              71
        100:     15280             a9              20
        101:     15284             a9              21
        102:     15244             a9              11
        103:     15248             a9              12
        104:     1524c             a9              13
        105:     15250             a9              14
        106:     15254             a9              15
        107:     15258             a9              16
        108:     1525c             a9              17
        109:     15260             a9              18
        110:     14fa8             a7              6a
        111:     14fb0             a7              6c
        112:     14fb4             a7              6d
        113:     14fb8             a7              6e
        114:     14fbc             a7              6f
        115:     14fc4             a7              71
-------- DEBUG: retired instruction count = 13000
SVP entry #:   tag(hex)   conf   retired_value   stride   instance    insn_num
          0:         0      0                0          0          0     13000
          1:         0      0                0          0          0     13000
          2:         0      0                0          0          0     13000
          3:         0      0                0          0          0     13000
          4:         0      0                0          0          0     13000
          5:         0      0                0          0          0     13000
          6:        a8     20              366          1          0     13000
          7:        a8     20             1796          0          0     13000
          8:        a8     20              366          1          0     13000
          9:        a8     20             1796          0          0     13000
         10:        a8     20             2047          0          0     13000
         11:        a8     20  18446744073709551249         -1          0     13000
         12:        a8     20  18446744073709549819          0          0     13000
         13:        a8     20  18446744073709551615          0          0     13000
         14:        a8     20  18446744073709551615          0          0     13000
         15:        a8     20              366          1          0     13000
         16:        a8     20             1796          0          0     13000
         17:        a9     31             2688          0          0     13000
         18:        a8      0              368        368          0     13000
         19:        a8      0             1798       1798          0     13000
         20:        a8      0              366        366          0     13000
         21:        a8      0             1796       1796          0     13000
         22:        a9      0             1797          1          0     13000
         23:        a8      0              368        368          0     13000
         24:        a8      0             4096       4096          0     13000
         25:        a8     20           709176          0          0     13000
         26:        a8     20             2047          0          0     13000
         27:        a8     20             1798          0          0     13000
         28:        a8     20             2047          0          0     13000
         29:         0      0                0          0          0     13000
         30:        a8     20             1798          0          0     13000
         31:        a8     20             1798          0          0     13000
         32:        a8      0         77883344   77883344          0     13000
         33:        a9     31              168          0          0     13000
         34:        a8     20          9998336          0          0     13000
         35:        a8     20             4096          0          0     13000
         36:        a8     20             1799          0          0     13000
         37:        a8     20                1          0          0     13000
         38:        a8     20         10000000          0          0     13000
         39:        a8     20              369          1          0     13000
         40:        a8     20           709176          0          0     13000
         41:         0      0                0          0          0     13000
         42:        a8      0              366          0          1     13000
         43:         0      0                0          0          0     13000
         44:         0      0                0          0          0     13000
         45:        a8      0          3680256       2048          3     13000
         46:        a8     31               87          0          4     13000
         47:        a8      1          3678576          1          4     13000
         48:        a8      1         81561920          1          4     13000
         49:        a8      1         14714304          4          4     13000
         50:        a8      1        130799888          4          4     13000
         51:        a8      1               87          0          4     13000
         52:         0      0                0          0          0     13000
         53:        a8      1            16021          0          1     13000
         54:         0      0                0          0          0     13000
         55:        a8     20            16021          0          0     13000
         56:        a8     21                0          0          0     13000
         57:         0      0                0          0          0     13000
         58:        a7      0             4096       4096          6     13000
         59:        a7      0           709176     709176          6     13000
         60:        a7      0             2048       2048          6     13000
         61:        a7      0         77883344   77883344          6     13000
         62:        a7      0        535742800  535742800          6     13000
         63:        a7      0          3682304    3682304          6     13000
         64:         0      0                0          0          0     13000
         65:         0      0                0          0          0     13000
         66:        a8     31         77883344          0          2     13000
         67:        a8     31             2048          0          2     13000
         68:        a8      0        116085584  116085584          5     13000
         69:        a8      1              369          1          7     13000
         70:        a7      1              367          1          3     13000
         71:        a8      0             1797         -2          4     13000
         72:        a7      1         81566015          1          3     13000
         73:        a7     31                1          0          3     13000
         74:        a7     31           705081          0          3     13000
         75:        a7     31                1          0          3     13000
         76:        a7     31            15768          0          3     13000
         77:        a7     31                0          0          3     13000
         78:        a7     31                0          0          3     13000
         79:        a8      0          3680256    3680256          3     13000
         80:        a8      0          3680622    3680622          3     13000
         81:        a8      0         81563966   81563966          3     13000
         82:        a8      0                1          1          3     13000
         83:        a8      0         14722488   14722488          3     13000
         84:        a8      0        130808072  130808072          3     13000
         85:        a8      0           705081     705081          3     13000
         86:        a8     19                1          0          0     13000
         87:         0      0                0          0          0     13000
         88:        a8     19            16022          0          0     13000
         89:         0      0                0          0          0     13000
         90:         0      0                0          0          0     13000
         91:         0      0                0          0          0     13000
         92:        a8     19             4096          0          0     13000
         93:        a8      0           709176     709176          2     13000
         94:        a8      0             1857       1857          2     13000
         95:        a7     31             1150          1          2     13000
         96:        a7     31         99818616          8          2     13000
         97:         0      0                0          0          0     13000
         98:         0      0                0          0          0     13000
         99:        a7     31            86280          0          2     13000
        100:        a8     31            86632          0          0     13000
        101:        a8      2             8864         -8          2     13000
        102:        a8      2           705080          0          2     13000
        103:        a8      2           709176          0          2     13000
        104:        a8      2  18446744073709551608          0          2     13000
        105:        a8     31             1420          0          0     13000
        106:        a7      0        535742832  535742832          0     13000
        107:        a8     31  18446744073709547216          0          0     13000
        108:        a7      0           705080     705080          0     13000
        109:        a7      0             4096       4096          0     13000
        110:        a7      0           709176     709176          0     13000
        111:        a7      0             2048       2048          0     13000
        112:        a8     31           709176          0          0     13000
        113:        a7      0             1797       1797          0     13000
        114:        a7      0          3680256       2048          0     13000
        115:        a7     31        116085584          0          0     13000
        116:         0      0                0          0          0     13000
        117:        a7      0              367          3          0     13000
        118:        a7     31               87          0          0     13000
        119:         0      0                0          0          0     13000
        120:         0      0                0          0          0     13000
        121:         0      0                0          0          0     13000
        122:         0      0                0          0          0     13000
        123:         0      0                0          0          0     13000
        124:        a7      0          3680623       2051          0     13000
        125:        a7      0         14722492       8204          0     13000
        126:        a7      0        130808076       8204          0     13000
        127:        a7      0               82         -5          0     13000
VPQ entry #:   PC(hex)   PCtag(hex)   PCindex(hex)
        142:     150b8             a8              2e
        143:     150bc             a8              2f
        144:     150c0             a8              30
        145:     150c4             a8              31
        146:     150c8             a8              32
        147:     150cc             a8              33
        148:     150d4             a8              35
        149:     15114             a8              45
        150:     15114             a8              45
        151:     150b4             a8              2d
        152:     150b8             a8              2e
        153:     150bc             a8              2f
        154:     150c0             a8              30
        155:     150c4             a8              31
        156:     150c8             a8              32
        157:     150cc             a8              33
        158:     150e8             a8              3a
        159:     150ec             a8              3b
        160:     150f0             a8              3c
        161:     150f4             a8              3d
        162:     150f8             a8              3e
        163:     150fc             a8              3f
        164:     14ee8             a7              3a
        165:     14eec             a7              3b
        166:     14ef0             a7              3c
        167:     14ef4             a7              3d
        168:     14ef8             a7              3e
        169:     14efc             a7              3f
        170:     14f10             a7              44
        171:     14f14             a7              45
        172:     14f18             a7              46
        173:     14f1c             a7              47
        174:     14f20             a7              48
        175:     14f24             a7              49
        176:     14f28             a7              4a
        177:     14f2c             a7              4b
        178:     14f30             a7              4c
        179:     14f34             a7              4d
        180:     14f38             a7              4e
        181:     14f3c             a7              4f
        182:     14f40             a7              50
        183:     14f44             a7              51
        184:     14f48             a7              52
        185:     14f4c             a7              53
        186:     14f50             a7              54
        187:     14f54             a7              55
        188:     14f74             a7              5d
        189:     14f78             a7              5e
        190:     14f7c             a7              5f
        191:     14f80             a7              60
        192:     14f8c             a7              63
        193:     14f94             a7              65
        194:     14f98             a7              66
        195:     14f9c             a7              67
        196:     14fa0             a7              68
        197:     15108             a8              42
        198:     1510c             a8              43
        199:     15110             a8              44
        200:     15114             a8              45
        201:     1511c             a8              47
        202:     150a8             a8              2a
        203:     150b4             a8              2d
        204:     150b8             a8              2e
        205:     150bc             a8              2f
        206:     150c0             a8              30
        207:     150c4             a8              31
        208:     150c8             a8              32
        209:     150cc             a8              33
        210:     150e8             a8              3a
        211:     150ec             a8              3b
        212:     150f0             a8              3c
        213:     150f4             a8              3d
        214:     150f8             a8              3e
        215:     150fc             a8              3f
        216:     14ee8             a7              3a
        217:     14eec             a7              3b
        218:     14ef0             a7              3c
        219:     14ef4             a7              3d
        220:     14ef8             a7              3e
        221:     14efc             a7              3f
        222:     14f10             a7              44
        223:     14f14             a7              45
        224:     14f18             a7              46
        225:     14f1c             a7              47
        226:     14f20             a7              48
        227:     14f24             a7              49
        228:     14f28             a7              4a
        229:     14f2c             a7              4b
        230:     14f30             a7              4c
        231:     14f34             a7              4d
        232:     14f38             a7              4e
        233:     14f3c             a7              4f
        234:     14f40             a7              50
        235:     14f44             a7              51
        236:     14f48             a7              52
        237:     14f4c             a7              53
        238:     14f50             a7              54
        239:     14f54             a7              55
        240:     14f74             a7              5d
        241:     14f78             a7              5e
        242:     14f7c             a7              5f
        243:     14f80             a7              60
        244:     14f8c             a7              63
        245:     14f94             a7              65
        246:     14f98             a7              66
        247:     14f9c             a7              67
        248:     14fa0             a7              68
        249:     15108             a8              42
        250:     1510c             a8              43
        251:     15110             a8              44
        252:     15114             a8              45
        253:     150b4             a8              2d
        254:     150b8             a8              2e
        255:     150bc             a8              2f
        256:     150c0             a8              30
        257:     150c4             a8              31
        258:     150c8             a8              32
        259:     150cc             a8              33
        260:     150e8             a8              3a
        261:     150ec             a8              3b
        262:     150f0             a8              3c
        263:     150f4             a8              3d
        264:     150f8             a8              3e
        265:     150fc             a8              3f
        266:     14ee8             a7              3a
        267:     14eec             a7              3b
        268:     14ef0             a7              3c
        269:     14ef4             a7              3d
        270:     14ef8             a7              3e
        271:     14efc             a7              3f
        272:     14f10             a7              44
        273:     14f14             a7              45
        274:     14f18             a7              46
        275:     14f1c             a7              47
        276:     14f20             a7              48
        277:     14f24             a7              49
        278:     14f28             a7              4a
        279:     14f2c             a7              4b
        280:     14f30             a7              4c
        281:     14f34             a7              4d
        282:     14f38             a7              4e
        283:     14f3c             a7              4f
        284:     14f40             a7              50
        285:     14f44             a7              51
        286:     14f48             a7              52
        287:     14f4c             a7              53
        288:     14f50             a7              54
        289:     14f54             a7              55
-------- DEBUG: retired instruction count = 14000
SVP entry #:   tag(hex)   conf   retired_value   stride   instance    insn_num
          0:         0      0                0          0          0     14000
          1:         0      0                0          0          0     14000
          2:         0      0                0          0          0     14000
          3:         0      0                0          0          0     14000
          4:         0      0                0          0          0     14000
          5:         0      0                0          0          0     14000
          6:        a8     21              367          1          1     14000
          7:        a8     21             1796          0          1     14000
          8:        a8     21              367          1          1     14000
          9:        a8     21             1796          0          1     14000
         10:        a8     21             2047          0          1     14000
         11:        a8     21  18446744073709551248         -1          1     14000
         12:        a8     21  18446744073709549819          0          1     14000
         13:        a8     21  18446744073709551615          0          1     14000
         14:        a8     21  18446744073709551615          0          1     14000
         15:        a8     21              367          1          1     14000
         16:        a8     21             1796          0          1     14000
         17:        a9     31             2688          0          2     14000
         18:        a9      0           707768          0          3     14000
         19:        a9      0         92868880          0          3     14000
         20:        a9      0           705080          0          3     14000
         21:        a9      0         92877696         -8          3     14000
         22:        a9      1             1797          0          2     14000
         23:        a9      0              366         -1          3     14000
         24:        a9      0             8808         -8          3     14000
         25:        a8     21           709176          0          1     14000
         26:        a8     21             2047          0          1     14000
         27:        a8     21             1798          0          1     14000
         28:        a8     21             2047          0          1     14000
         29:         0      0                0          0          0     14000
         30:        a8     21             1798          0          1     14000
         31:        a8     21             1798          0          1     14000
         32:        a9      0              151          0          2     14000
         33:        a9     31              168          0          2     14000
         34:        a8     21          9998336          0          0     14000
         35:        a8     21             4096          0          0     14000
         36:        a8     21             1799          0          0     14000
         37:        a8     21                1          0          0     14000
         38:        a8     21         10000000          0          0     14000
         39:        a8     21              370          1          0     14000
         40:        a8     21           709176          0          0     14000
         41:         0      0                0          0          0     14000
         42:        a8      1              367          0          0     14000
         43:         0      0                0          0          0     14000
         44:         0      0                0          0          0     14000
         45:        a8      1          3682304          0          0     14000
         46:        a8     31               87          0          0     14000
         47:        a8      1          3682673          1          0     14000
         48:        a8      1         81566017          1          0     14000
         49:        a8      1         14730692          4          0     14000
         50:        a8      1        130816276          4          0     14000
         51:        a8      2               82          0          0     14000
         52:         0      0                0          0          0     14000
         53:        a8      0            16022          1          0     14000
         54:         0      0                0          0          0     14000
         55:        a8     21            16021          0          0     14000
         56:        a8     22                0          0          0     14000
         57:         0      0                0          0          0     14000
         58:        a7      0             4096       4096          0     14000
         59:        a7      0           709176     709176          0     14000
         60:        a7      0             2048       2048          0     14000
         61:        a7      0         77883344   77883344          0     14000
         62:        a7      0        535742800  535742800          0     14000
         63:        a7      0          3682304    3682304          0     14000
         64:         0      0                0          0          0     14000
         65:         0      0                0          0          0     14000
         66:        a8     31         77883344          0          0     14000
         67:        a8     31             2048          0          0     14000
         68:        a8      0        116085584  116085584          0     14000
         69:        a8      0              370        370          0     14000
         70:        a7      1              369          1          0     14000
         71:        a8      0             1799       1799          0     14000
         72:        a7      1         81566017          1          0     14000
         73:        a7     31                1          0          0     14000
         74:        a7     31           705081          0          0     14000
         75:        a7     31                1          0          0     14000
         76:        a7     31            15768          0          0     14000
         77:        a7     31                0          0          0     14000
         78:        a7     31                0          0          0     14000
         79:        a8      0          3680256    3680256          0     14000
         80:        a8      0          3680624    3680624          0     14000
         81:        a8      0         81563968   81563968          0     14000
         82:        a8      0                1          1          0     14000
         83:        a8      0         14722496   14722496          0     14000
         84:        a8      0        130808080  130808080          0     14000
         85:        a8      0           705081     705081          0     14000
         86:        a8     21                1          0          0     14000
         87:         0      0                0          0          0     14000
         88:        a8     21            16022          0          0     14000
         89:         0      0                0          0          0     14000
         90:         0      0                0          0          0     14000
         91:         0      0                0          0          0     14000
         92:        a8     21             4096          0          0     14000
         93:        a8      0           709176     709176          0     14000
         94:        a8      0             1857       1857          0     14000
         95:        a7     31             1158          1          0     14000
         96:        a7     31         99818680          8          0     14000
         97:         0      0                0          0          0     14000
         98:         0      0                0          0          0     14000
         99:        a7     31            86280          0          0     14000
        100:        a8     31            86632          0          2     14000
        101:        a8      0             8816         -8          2     14000
        102:        a8      0           705080          0          2     14000
        103:        a8      0           709176          0          2     14000
        104:        a8      0  18446744073709551608          0          2     14000
        105:        a8     31             1420          0          2     14000
        106:        a7      0        535742832  535742832          2     14000
        107:        a8     31  18446744073709547216          0          2     14000
        108:        a7      0           705080     705080          2     14000
        109:        a7      0             4096       4096          2     14000
        110:        a7      0           709176     709176          2     14000
        111:        a7      0             2048       2048          2     14000
        112:        a8     31           709176          0          2     14000
        113:        a7      0             1797       1797          2     14000
        114:        a7      1          3680256          0          2     14000
        115:        a7     31        116085584          0          2     14000
        116:         0      0                0          0          0     14000
        117:        a7      1              366         -1          2     14000
        118:        a7     31               87          0          2     14000
        119:         0      0                0          0          0     14000
        120:         0      0                0          0          0     14000
        121:         0      0                0          0          0     14000
        122:         0      0                0          0          0     14000
        123:         0      0                0          0          0     14000
        124:        a7      0          3680623         -1          3     14000
        125:        a7      0         14722492         -4          3     14000
        126:        a7      0        130808076         -4          3     14000
        127:        a7      0               87          5          3     14000
VPQ entry #:   PC(hex)   PCtag(hex)   PCindex(hex)
        278:     14ff0             a7              7c
        279:     14ff4             a7              7d
        280:     14ff8             a7              7e
        281:     14ffc             a7              7f
        282:     15190             a8              64
        283:     15194             a8              65
        284:     15198             a8              66
        285:     1519c             a8              67
        286:     151a0             a8              68
        287:     151a4             a8              69
        288:     151a8             a8              6a
        289:     151ac             a8              6b
        290:     151b0             a8              6c
        291:     151b4             a8              6d
        292:     151b8             a8              6e
        293:     151bc             a8              6f
        294:     151c0             a8              70
        295:     151c4             a8              71
        296:     15280             a9              20
        297:     15284             a9              21
        298:     15244             a9              11
        299:     15248             a9              12
          0:     1524c             a9              13
          1:     15250             a9              14
          2:     15254             a9              15
          3:     15258             a9              16
          4:     1525c             a9              17
          5:     15260             a9              18
          6:     14fa8             a7              6a
          7:     14fb0             a7              6c
          8:     14fb4             a7              6d
          9:     14fb8             a7              6e
         10:     14fbc             a7              6f
         11:     14fc4             a7              71
         12:     14fc8             a7              72
         13:     14fcc             a7              73
         14:     14fd4             a7              75
         15:     14fd8             a7              76
         16:     14ff0             a7              7c
         17:     14ff4             a7              7d
         18:     14ff8             a7              7e
         19:     14ffc             a7              7f
         20:     15190             a8              64
         21:     15194             a8              65
         22:     15198             a8              66
         23:     1519c             a8              67
         24:     151a0             a8              68
         25:     151a4             a8              69
         26:     151a8             a8              6a
         27:     151ac             a8              6b
         28:     151b0             a8              6c
         29:     151b4             a8              6d
         30:     151b8             a8              6e
         31:     151bc             a8              6f
         32:     151c0             a8              70
         33:     151c4             a8              71
         34:     15280             a9              20
         35:     15284             a9              21
         36:     15244             a9              11
         37:     15248             a9              12
         38:     1524c             a9              13
         39:     15250             a9              14
         40:     15254             a9              15
         41:     15258             a9              16
         42:     1525c             a9              17
         43:     15260             a9              18
         44:     14fa8             a7              6a
         45:     14fb0             a7              6c
         46:     14fb4             a7              6d
         47:     14fb8             a7              6e
         48:     14fbc             a7              6f
         49:     14fc4             a7              71
         50:     14fc8             a7              72
         51:     14fcc             a7              73
         52:     14fd4             a7              75
         53:     14fd8             a7              76
         54:     14ff0             a7              7c
         55:     14ff4             a7              7d
         56:     14ff8             a7              7e
         57:     14ffc             a7              7f
         58:     15018             a8               6
         59:     1501c             a8               7
         60:     15020             a8               8
         61:     15024             a8               9
         62:     15028             a8               a
         63:     1502c             a8               b
         64:     15030             a8               c
         65:     15034             a8               d
         66:     15038             a8               e
         67:     1503c             a8               f
         68:     15040             a8              10
         69:     15048             a8              12
         70:     1504c             a8              13
         71:     15050             a8              14
         72:     15054             a8              15
         73:     1505c             a8              17
         74:     15060             a8              18
         75:     15064             a8              19
         76:     15068             a8              1a
         77:     1506c             a8              1b
         78:     15070             a8              1c
         79:     15078             a8              1e
         80:     1507c             a8              1f
-------- DEBUG: retired instruction count = 15000
SVP entry #:   tag(hex)   conf   retired_value   stride   instance    insn_num
          0:         0      0                0          0          0     15000
          1:         0      0                0          0          0     15000
          2:         0      0                0          0          0     15000
          3:         0      0                0          0          0     15000
          4:         0      0                0          0          0     15000
          5:         0      0                0          0          0     15000
          6:        a8     23              369          1          0     15000
          7:        a8     23             1796          0          0     15000
          8:        a8     23              369          1          0     15000
          9:        a8     23             1796          0          0     15000
         10:        a8     23             2047          0          0     15000
         11:        a8     23  18446744073709551246         -1          0     15000
         12:        a8     23  18446744073709549819          0          0     15000
         13:        a8     23  18446744073709551615          0          0     15000
         14:        a8     23  18446744073709551615          0          0     15000
         15:        a8     23              369          1          0     15000
         16:        a8     23             1796          0          0     15000
         17:        a9     31             2688          0          2     15000
         18:        a8      0              371        371          2     15000
         19:        a8      0             1798       1798          2     15000
         20:        a8      0              369        369          2     15000
         21:        a8      0             1796       1796          2     15000
         22:        a9      0             1797          1          2     15000
         23:        a8      0              371        371          2     15000
         24:        a8      0             4096       4096          2     15000
         25:        a8     23           709176          0          0     15000
         26:        a8     23             2047          0          0     15000
         27:        a8     23             1798          0          0     15000
         28:        a8     23             2047          0          0     15000
         29:         0      0                0          0          0     15000
         30:        a8     23             1798          0          0     15000
         31:        a8     23             1798          0          0     15000
         32:        a8      0         77883344   77883344          2     15000
         33:        a9     31              168          0          2     15000
         34:        a8     23          9998336          0          0     15000
         35:        a8     23             4096          0          0     15000
         36:        a8     23             1799          0          0     15000
         37:        a8     23                1          0          0     15000
         38:        a8     23         10000000          0          0     15000
         39:        a8     23              372          1          0     15000
         40:        a8     23           709176          0          0     15000
         41:         0      0                0          0          0     15000
         42:        a8      1              369          0          0     15000
         43:         0      0                0          0          0     15000
         44:         0      0                0          0          0     15000
         45:        a8      0          3682304          0          1     15000
         46:        a8     31               87          0          1     15000
         47:        a8      0          3682674          1          1     15000
         48:        a8      0         81566018          1          1     15000
         49:        a8      0         14730696          4          1     15000
         50:        a8      0        130816280          4          1     15000
         51:        a8      1               82          0          1     15000
         52:         0      0                0          0          0     15000
         53:        a8      0            16022          1          0     15000
         54:         0      0                0          0          0     15000
         55:        a8     23            16021          0          0     15000
         56:        a8     24                0          0          0     15000
         57:         0      0                0          0          0     15000
         58:        a7      0             4096       4096          1     15000
         59:        a7      0           709176     709176          1     15000
         60:        a7      0             2048       2048          1     15000
         61:        a7      0         77883344   77883344          1     15000
         62:        a7      0        535742800  535742800          1     15000
         63:        a7      0          3682304    3682304          1     15000
         64:         0      0                0          0          0     15000
         65:         0      0                0          0          0     15000
         66:        a8     31         77883344          0          2     15000
         67:        a8     31             2048          0          2     15000
         68:        a7      0             1798       1798          1     15000
         69:        a7      0            15767      15767          1     15000
         70:        a7      0              370          1          1     15000
         71:        a7      0          3682674          1          1     15000
         72:        a7      0         81566018          1          1     15000
         73:        a7     31                1          0          1     15000
         74:        a7     31           705081          0          1     15000
         75:        a7     31                1          0          1     15000
         76:        a7     31            15768          0          1     15000
         77:        a7     31                0          0          1     15000
         78:        a7     31                0          0          2     15000
         79:        a7      0            15768          0          3     15000
         80:        a7      0              152          0          3     15000
         81:        a7      0              152          0          3     15000
         82:        a7      0             2432          0          3     15000
         83:        a7      0           707512          0          3     15000
         84:        a7      0             1163          1          3     15000
         85:        a7      0             4096          0          3     15000
         86:        a8     22                1          0          1     15000
         87:         0      0                0          0          0     15000
         88:        a8     22            16022          0          1     15000
         89:         0      0                0          0          0     15000
         90:         0      0                0          0          0     15000
         91:         0      0                0          0          0     15000
         92:        a8     22             4096          0          1     15000
         93:        a7      0         99809424          0          3     15000
         94:        a7      0             9304          8          3     15000
         95:        a7     31             1164          1          2     15000
         96:        a7     31         99818728          8          2     15000
         97:         0      0                0          0          0     15000
         98:         0      0                0          0          0     15000
         99:        a7     31            86280          0          2     15000
        100:        a8     31            86632          0          2     15000
        101:        a7      0            16021          0          4     15000
        102:        a7      0           709176          0          4     15000
        103:        a7      0              369          0          4     15000
        104:        a7      0        535742832          0          4     15000
        105:        a8     31             1420          0          2     15000
        106:        a7      0        535742832  535742832          4     15000
        107:        a8     31  18446744073709547216          0          2     15000
        108:        a7      0           705080     705080          4     15000
        109:        a7      0             4096       4096          4     15000
        110:        a7      0           709176     709176          4     15000
        111:        a7      0             2048       2048          4     15000
        112:        a8     31           709176          0          2     15000
        113:        a7      0             1797       1797          4     15000
        114:        a7      0          3680256       2048          2     15000
        115:        a7     31        116085584          0          2     15000
        116:         0      0                0          0          0     15000
        117:        a7      0              370          3          2     15000
        118:        a7     31               87          0          1     15000
        119:         0      0                0          0          0     15000
        120:         0      0                0          0          0     15000
        121:         0      0                0          0          0     15000
        122:         0      0                0          0          0     15000
        123:         0      0                0          0          0     15000
        124:        a7      0          3680626       2051          1     15000
        125:        a7      0         14722504       8204          1     15000
        126:        a7      0        130808088       8204          1     15000
        127:        a7      0               82         -5          1     15000
VPQ entry #:   PC(hex)   PCtag(hex)   PCindex(hex)
        102:     14f38             a7              4e
        103:     14f3c             a7              4f
        104:     14f40             a7              50
        105:     14f44             a7              51
        106:     14f48             a7              52
        107:     14f4c             a7              53
        108:     14f50             a7              54
        109:     14f54             a7              55
        110:     14f74             a7              5d
        111:     14f78             a7              5e
        112:     14f7c             a7              5f
        113:     14f80             a7              60
        114:     14f8c             a7              63
        115:     14f94             a7              65
        116:     14f98             a7              66
        117:     14f9c             a7              67
        118:     14fa0             a7              68
        119:     15108             a8              42
        120:     1510c             a8              43
        121:     15110             a8              44
        122:     15114             a8              45
        123:     150b4             a8              2d
        124:     150b8             a8              2e
        125:     150bc             a8              2f
        126:     150c0             a8              30
        127:     150c4             a8              31
        128:     150c8             a8              32
        129:     150cc             a8              33
        130:     150e8             a8              3a
        131:     150ec             a8              3b
        132:     150f0             a8              3c
        133:     150f4             a8              3d
        134:     150f8             a8              3e
        135:     150fc             a8              3f
        136:     14ee8             a7              3a
        137:     14eec             a7              3b
        138:     14ef0             a7              3c
        139:     14ef4             a7              3d
        140:     14ef8             a7              3e
        141:     14efc             a7              3f
        142:     14f10             a7              44
        143:     14f14             a7              45
        144:     14f18             a7              46
        145:     14f1c             a7              47
        146:     14f20             a7              48
        147:     14f24             a7              49
        148:     14f28             a7              4a
        149:     14f2c             a7              4b
        150:     14f30             a7              4c
        151:     14f34             a7              4d
        152:     14f38             a7              4e
        153:     14f3c             a7              4f
        154:     14f40             a7              50
        155:     14f44             a7              51
        156:     14f48             a7              52
        157:     14f4c             a7              53
        158:     14f50             a7              54
        159:     14f54             a7              55
        160:     14f74             a7              5d
        161:     14f78             a7              5e
        162:     14f7c             a7              5f
        163:     14f80             a7              60
        164:     14f8c             a7              63
        165:     14f94             a7              65
        166:     14f98             a7              66
        167:     14f9c             a7              67
        168:     14fa0             a7              68
        169:     15108             a8              42
        170:     1510c             a8              43
        171:     15110             a8              44
        172:     15114             a8              45
        173:     1511c             a8              47
        174:     1513c             a8              4f
        175:     15140             a8              50
        176:     15144             a8              51
        177:     15148             a8              52
        178:     1514c             a8              53
        179:     15150             a8              54
        180:     15154             a8              55
        181:     15158             a8              56
        182:     15160             a8              58
        183:     15170             a8              5c
        184:     15174             a8              5d
        185:     15178             a8              5e
        186:     15190             a8              64
        187:     15194             a8              65
        188:     15198             a8              66
        189:     1519c             a8              67
        190:     151a0             a8              68
        191:     151a4             a8              69
        192:     151a8             a8              6a
        193:     151ac             a8              6b
        194:     151b0             a8              6c
        195:     151b4             a8              6d
        196:     151b8             a8              6e
        197:     151bc             a8              6f
        198:     151c0             a8              70
        199:     151c4             a8              71
        200:     15280             a9              20
        201:     15284             a9              21
        202:     15244             a9              11
        203:     15248             a9              12
        204:     1524c             a9              13
        205:     15250             a9              14
        206:     15254             a9              15
        207:     15258             a9              16
        208:     1525c             a9              17
        209:     15260             a9              18
        210:     14fa8             a7              6a
        211:     14fb0             a7              6c
        212:     14fb4             a7              6d
        213:     14fb8             a7              6e
        214:     14fbc             a7              6f
        215:     14fc4             a7              71
        216:     14fc8             a7              72
        217:     14fcc             a7              73
        218:     14fd4             a7              75
        219:     14fd8             a7              76
        220:     14ff0             a7              7c
        221:     14ff4             a7              7d
        222:     14ff8             a7              7e
        223:     14ffc             a7              7f
        224:     15190             a8              64
        225:     15194             a8              65
        226:     15198             a8              66
        227:     1519c             a8              67
        228:     151a0             a8              68
        229:     151a4             a8              69
        230:     151a8             a8              6a
        231:     151ac             a8              6b
        232:     151b0             a8              6c
        233:     151b4             a8              6d
        234:     151b8             a8              6e
        235:     151bc             a8              6f
        236:     151c0             a8              70
        237:     151c4             a8              71
        238:     15280             a9              20
        239:     15284             a9              21
        240:     15244             a9              11
        241:     15248             a9              12
        242:     1524c             a9              13
        243:     15250             a9              14
        244:     15254             a9              15
        245:     15258             a9              16
        246:     1525c             a9              17
        247:     15260             a9              18
        248:     14fa8             a7              6a
        249:     14fb0             a7              6c
        250:     14fb4             a7              6d
        251:     14fb8             a7              6e
        252:     14fbc             a7              6f
        253:     14fc4             a7              71
        254:     14fc8             a7              72
        255:     14fcc             a7              73
        256:     14fd4             a7              75
-------- DEBUG: retired instruction count = 16000
SVP entry #:   tag(hex)   conf   retired_value   stride   instance    insn_num
          0:         0      0                0          0          0     16000
          1:         0      0                0          0          0     16000
          2:         0      0                0          0          0     16000
          3:         0      0                0          0          0     16000
          4:         0      0                0          0          0     16000
          5:         0      0                0          0          0     16000
          6:        a8     25              371          1          0     16000
          7:        a8     25             1796          0          0     16000
          8:        a8     25              371          1          0     16000
          9:        a8     25             1796          0          0     16000
         10:        a8     25             2047          0          0     16000
         11:        a8     25  18446744073709551244         -1          0     16000
         12:        a8     25  18446744073709549819          0          0     16000
         13:        a8     25  18446744073709551615          0          0     16000
         14:        a8     25  18446744073709551615          0          0     16000
         15:        a8     25              371          1          0     16000
         16:        a8     25             1796          0          0     16000
         17:        a9     31             2688          0          0     16000
         18:        a8      0              373        373          0     16000
         19:        a8      0             1798       1798          0     16000
         20:        a8      0              371        371          0     16000
         21:        a8      0             1796       1796          0     16000
         22:        a9      0             1797          1          0     16000
         23:        a8      0              373        373          0     16000
         24:        a8      0             4096       4096          0     16000
         25:        a8     25           709176          0          0     16000
         26:        a8     25             2047          0          0     16000
         27:        a8     25             1798          0          0     16000
         28:        a8     25             2047          0          0     16000
         29:         0      0                0          0          0     16000
         30:        a8     25             1798          0          0     16000
         31:        a8     25             1798          0          0     16000
         32:        a8      0         77883344   77883344          0     16000
         33:        a9     31              168          0          0     16000
         34:        a8     25          9998336          0          0     16000
         35:        a8     25             4096          0          0     16000
         36:        a8     25             1799          0          0     16000
         37:        a8     25                1          0          0     16000
         38:        a8     25         10000000          0          0     16000
         39:        a8     25              374          1          0     16000
         40:        a8     25           709176          0          0     16000
         41:         0      0                0          0          0     16000
         42:        a8      0              371          1          0     16000
         43:         0      0                0          0          0     16000
         44:         0      0                0          0          0     16000
         45:        a8      0          3678208          0          1     16000
         46:        a8     31               87          0          1     16000
         47:        a8      0          3678580          1          1     16000
         48:        a8      0         81561924          1          1     16000
         49:        a8      0         14714320          4          1     16000
         50:        a8      0        130799904          4          1     16000
         51:        a8      0               87          5          2     16000
         52:         0      0                0          0          0     16000
         53:        a8      0            16021         -1          1     16000
         54:         0      0                0          0          0     16000
         55:        a8     25            16021          0          0     16000
         56:        a8     26                0          0          0     16000
         57:         0      0                0          0          0     16000
         58:        a7      0             4096       4096          2     16000
         59:        a7      0           709176     709176          2     16000
         60:        a7      0             2048       2048          2     16000
         61:        a7      0         77883344   77883344          2     16000
         62:        a7      0        535742800  535742800          2     16000
         63:        a7      0          3682304    3682304          2     16000
         64:         0      0                0          0          0     16000
         65:         0      0                0          0          0     16000
         66:        a8     31         77883344          0          0     16000
         67:        a8     31             2048          0          0     16000
         68:        a8      0        116085584  116085584          2     16000
         69:        a8      0              372         -1          3     16000
         70:        a7      1              372          1          0     16000
         71:        a8      0             1799       1799          2     16000
         72:        a7      1         81566020          1          0     16000
         73:        a7     31                1          0          0     16000
         74:        a7     31           705081          0          0     16000
         75:        a7     31                1          0          0     16000
         76:        a7     31            15768          0          0     16000
         77:        a7     31                0          0          0     16000
         78:        a7     31                0          0          0     16000
         79:        a8      0          3680256    3680256          2     16000
         80:        a8      0          3680627    3680627          2     16000
         81:        a8      0         81563971   81563971          2     16000
         82:        a8      0                1          1          2     16000
         83:        a8      0         14722508   14722508          2     16000
         84:        a8      0        130808092  130808092          2     16000
         85:        a8      0           705081     705081          2     16000
         86:        a8     24                1          0          0     16000
         87:         0      0                0          0          0     16000
         88:        a8     24            16022          0          0     16000
         89:         0      0                0          0          0     16000
         90:         0      0                0          0          0     16000
         91:         0      0                0          0          0     16000
         92:        a8     24             4096          0          0     16000
         93:        a8      0           709176     709176          2     16000
         94:        a8      0             1857       1857          2     16000
         95:        a7     31             1170          1          0     16000
         96:        a7     31         99818776          8          0     16000
         97:         0      0                0          0          0     16000
         98:         0      0                0          0          0     16000
         99:        a7     31            86280          0          0     16000
        100:        a8     31            86632          0          0     16000
        101:        a8      2             8704         -8          2     16000
        102:        a8      2           705080          0          2     16000
        103:        a8      2           709176          0          2     16000
        104:        a8      2  18446744073709551608          0          2     16000
        105:        a8     31             1420          0          0     16000
        106:        a7      0        535742832  535742832          0     16000
        107:        a8     31  18446744073709547216          0          0     16000
        108:        a7      0           705080     705080          0     16000
        109:        a7      0             4096       4096          0     16000
        110:        a7      0           709176     709176          0     16000
        111:        a7      0             2048       2048          0     16000
        112:        a8     31           709176          0          0     16000
        113:        a7      0             1797       1797          0     16000
        114:        a7      0          3680256       2048          0     16000
        115:        a7     31        116085584          0          0     16000
        116:         0      0                0          0          0     16000
        117:        a7      0              372          3          0     16000
        118:        a7     31               87          0          0     16000
        119:         0      0                0          0          0     16000
        120:         0      0                0          0          0     16000
        121:         0      0                0          0          0     16000
        122:         0      0                0          0          0     16000
        123:         0      0                0          0          0     16000
        124:        a7      0          3680628       2051          0     16000
        125:        a7      0         14722512       8204          0     16000
        126:        a7      0        130808096       8204          0     16000
        127:        a7      0               82         -5          0     16000
VPQ entry #:   PC(hex)   PCtag(hex)   PCindex(hex)
        227:     150cc             a8              33
        228:     150d4             a8              35
        229:     15114             a8              45
        230:     150b4             a8              2d
        231:     150b8             a8              2e
        232:     150bc             a8              2f
        233:     150c0             a8              30
        234:     150c4             a8              31
        235:     150c8             a8              32
        236:     150cc             a8              33
-------- DEBUG: retired instruction count = 17000
SVP entry #:   tag(hex)   conf   retired_value   stride   instance    insn_num
          0:         0      0                0          0          0     17000
          1:         0      0                0          0          0     17000
          2:         0      0                0          0          0     17000
          3:         0      0                0          0          0     17000
          4:         0      0                0          0          0     17000
          5:         0      0                0          0          0     17000
          6:        a8     26              372          1          0     17000
          7:        a8     26             1796          0          0     17000
          8:        a8     26              372          1          0     17000
          9:        a8     26             1796          0          0     17000
         10:        a8     26             2047          0          0     17000
         11:        a8     26  18446744073709551243         -1          0     17000
         12:        a8     26  18446744073709549819          0          0     17000
         13:        a8     26  18446744073709551615          0          0     17000
         14:        a8     26  18446744073709551615          0          0     17000
         15:        a8     26              372          1          0     17000
         16:        a8     26             1796          0          0     17000
         17:        a9     31             2688          0          2     17000
         18:        a8      0              374        374          4     17000
         19:        a8      0             1798       1798          4     17000
         20:        a8      0              372        372          4     17000
         21:        a8      0             1796       1796          4     17000
         22:        a9      0             1797          1          2     17000
         23:        a8      0              374        374          3     17000
         24:        a8      0             4096       4096          3     17000
         25:        a8     26           709176          0          0     17000
         26:        a8     26             2047          0          0     17000
         27:        a8     26             1798          0          0     17000
         28:        a8     26             2047          0          0     17000
         29:         0      0                0          0          0     17000
         30:        a8     26             1798          0          0     17000
         31:        a8     26             1798          0          0     17000
         32:        a8      0         77883344   77883344          4     17000
         33:        a9     31              168          0          2     17000
         34:        a8     26          9998336          0          0     17000
         35:        a8     26             4096          0          0     17000
         36:        a8     26             1799          0          0     17000
         37:        a8     26                1          0          0     17000
         38:        a8     26         10000000          0          0     17000
         39:        a8     26              375          1          0     17000
         40:        a8     26           709176          0          0     17000
         41:         0      0                0          0          0     17000
         42:        a8      1              372          0          0     17000
         43:         0      0                0          0          0     17000
         44:         0      0                0          0          0     17000
         45:        a8      1          3682304          0          0     17000
         46:        a8     31               87          0          0     17000
         47:        a8      1          3682678          1          0     17000
         48:        a8      1         81566022          1          0     17000
         49:        a8      0         14730708          4          1     17000
         50:        a8      0        130816292          4          1     17000
         51:        a8      1               82          0          1     17000
         52:         0      0                0          0          0     17000
         53:        a8      0            16022          1          0     17000
         54:         0      0                0          0          0     17000
         55:        a8     26            16021          0          0     17000
         56:        a8     27                0          0          0     17000
         57:         0      0                0          0          0     17000
         58:        a7      0             4096       4096          1     17000
         59:        a7      0           709176     709176          1     17000
         60:        a7      0             2048       2048          1     17000
         61:        a7      0         77883344   77883344          1     17000
         62:        a7      0        535742800  535742800          1     17000
         63:        a7      0          3682304    3682304          1     17000
         64:         0      0                0          0          0     17000
         65:         0      0                0          0          0     17000
         66:        a8     31         77883344          0          1     17000
         67:        a8     31             2048          0          1     17000
         68:        a8      0        116085584  116085584          1     17000
         69:        a8      0              374        374          1     17000
         70:        a7      0              373          1          1     17000
         71:        a7      0          3682677          1          1     17000
         72:        a7      0         81566021          1          1     17000
         73:        a7      0                1          0          1     17000
         74:        a7      0           705081          0          1     17000
         75:        a7      0                1          0          1     17000
         76:        a7      0            15768          0          1     17000
         77:        a7     31                0          0          1     17000
         78:        a7     31                0          0          1     17000
         79:        a7      0            15768          0          3     17000
         80:        a7      0              152          0          3     17000
         81:        a7      0              152          0          3     17000
         82:        a7      0             2432          0          3     17000
         83:        a7      0           707512          0          3     17000
         84:        a7      0             1175          1          3     17000
         85:        a7      3             4096          0          3     17000
         86:        a8     25                1          0          1     17000
         87:         0      0                0          0          0     17000
         88:        a8     25            16022          0          1     17000
         89:         0      0                0          0          0     17000
         90:         0      0                0          0          0     17000
         91:         0      0                0          0          0     17000
         92:        a8     25             4096          0          1     17000
         93:        a7      0         99809424          0          4     17000
         94:        a7      0             9400          8          4     17000
         95:        a7      0             1176          1          1     17000
         96:        a7      0         99818824          8          1     17000
         97:         0      0                0          0          0     17000
         98:         0      0                0          0          0     17000
         99:        a7     31            86280          0          1     17000
        100:        a8     31            86632          0          2     17000
        101:        a7      3            16021          0          5     17000
        102:        a7      3           709176          0          5     17000
        103:        a7      3              372          0          5     17000
        104:        a7      3        535742832          0          5     17000
        105:        a8     31             1420          0          2     17000
        106:        a7      0        535742832  535742832          6     17000
        107:        a8     31  18446744073709547216          0          2     17000
        108:        a7      0           705080     705080          6     17000
        109:        a7      0             4096       4096          6     17000
        110:        a7      0           709176     709176          6     17000
        111:        a7      0             2048       2048          6     17000
        112:        a8     31           709176          0          2     17000
        113:        a7      0             1797       1797          6     17000
        114:        a7      0          3680256       2048          2     17000
        115:        a7     31        116085584          0          2     17000
        116:         0      0                0          0          0     17000
        117:        a7      0              373          3          2     17000
        118:        a7     31               87          0          2     17000
        119:         0      0                0          0          0     17000
        120:         0      0                0          0          0     17000
        121:         0      0                0          0          0     17000
        122:         0      0                0          0          0     17000
        123:         0      0                0          0          0     17000
        124:        a7      0          3680629       2051          2     17000
        125:        a7      0         14722516       8204          2     17000
        126:        a7      0        130808100       8204          2     17000
        127:        a7      0               82         -5          2     17000
VPQ entry #:   PC(hex)   PCtag(hex)   PCindex(hex)
         70:     150c4             a8              31
         71:     150c8             a8              32
         72:     150cc             a8              33
         73:     150e8             a8              3a
         74:     150ec             a8              3b
         75:     150f0             a8              3c
         76:     150f4             a8              3d
         77:     150f8             a8              3e
         78:     150fc             a8              3f
         79:     14ee8             a7              3a
         80:     14eec             a7              3b
         81:     14ef0             a7              3c
         82:     14ef4             a7              3d
         83:     14ef8             a7              3e
         84:     14efc             a7              3f
         85:     14f10             a7              44
         86:     14f14             a7              45
         87:     14f18             a7              46
         88:     14f1c             a7              47
         89:     14f20             a7              48
         90:     14f24             a7              49
         91:     14f28             a7              4a
         92:     14f2c             a7              4b
         93:     14f30             a7              4c
         94:     14f34             a7              4d
         95:     14f38             a7              4e
         96:     14f3c             a7              4f
         97:     14f40             a7              50
         98:     14f44             a7              51
         99:     14f48             a7              52
        100:     14f4c             a7              53
        101:     14f50             a7              54
        102:     14f54             a7              55
        103:     14f74             a7              5d
        104:     14f78             a7              5e
        105:     14f7c             a7              5f
        106:     14f80             a7              60
        107:     14f8c             a7              63
        108:     14f94             a7              65
        109:     14f98             a7              66
        110:     14f9c             a7              67
        111:     14fa0             a7              68
        112:     15108             a8              42
        113:     1510c             a8              43
        114:     15110             a8              44
        115:     15114             a8              45
        116:     1511c             a8              47
        117:     1513c             a8              4f
        118:     15140             a8              50
        119:     15144             a8              51
        120:     15148             a8              52
        121:     1514c             a8              53
        122:     15150             a8              54
        123:     15154             a8              55
        124:     15158             a8              56
        125:     15160             a8              58
        126:     15170             a8              5c
        127:     15174             a8              5d
        128:     15178             a8              5e
        129:     15190             a8              64
        130:     15194             a8              65
        131:     15198             a8              66
        132:     1519c             a8              67
        133:     151a0             a8              68
        134:     151a4             a8              69
        135:     151a8             a8              6a
        136:     151ac             a8              6b
        137:     151b0             a8              6c
        138:     151b4             a8              6d
        139:     151b8             a8              6e
        140:     151bc             a8              6f
        141:     151c0             a8              70
        142:     151c4             a8              71
        143:     15280             a9              20
        144:     15284             a9              21
        145:     15244             a9              11
        146:     15248             a9              12
        147:     1524c             a9              13
        148:     15250             a9              14
        149:     15254             a9              15
        150:     15258             a9              16
        151:     1525c             a9              17
        152:     15260             a9              18
        153:     14fa8             a7              6a
        154:     14fb0             a7              6c
        155:     14fb4             a7              6d
        156:     14fb8             a7              6e
        157:     14fbc             a7              6f
        158:     14fc4             a7              71
        159:     14fc8             a7              72
        160:     14fcc             a7              73
        161:     14fd4             a7              75
        162:     14fd8             a7              76
        163:     14ff0             a7              7c
        164:     14ff4             a7              7d
        165:     14ff8             a7              7e
        166:     14ffc             a7              7f
        167:     15190             a8              64
        168:     15194             a8              65
        169:     15198             a8              66
        170:     1519c             a8              67
        171:     151a0             a8              68
        172:     151a4             a8              69
        173:     151a8             a8              6a
        174:     151ac             a8              6b
        175:     151b0             a8              6c
        176:     151b4             a8              6d
        177:     151b8             a8              6e
        178:     151bc             a8              6f
        179:     151c0             a8              70
        180:     151c4             a8              71
        181:     15280             a9              20
        182:     15284             a9              21
        183:     15244             a9              11
        184:     15248             a9              12
        185:     1524c             a9              13
        186:     15250             a9              14
        187:     15254             a9              15
        188:     15258             a9              16
        189:     1525c             a9              17
        190:     15260             a9              18
        191:     14fa8             a7              6a
        192:     14fb0             a7              6c
        193:     14fb4             a7              6d
        194:     14fb8             a7              6e
        195:     14fbc             a7              6f
        196:     14fc4             a7              71
        197:     14fc8             a7              72
        198:     14fcc             a7              73
        199:     14fd4             a7              75
        200:     14fd8             a7              76
        201:     14ff0             a7              7c
        202:     14ff4             a7              7d
        203:     14ff8             a7              7e
        204:     14ffc             a7              7f
-------- DEBUG: retired instruction count = 18000
SVP entry #:   tag(hex)   conf   retired_value   stride   instance    insn_num
          0:         0      0                0          0          0     18000
          1:         0      0                0          0          0     18000
          2:         0      0                0          0          0     18000
          3:         0      0                0          0          0     18000
          4:         0      0                0          0          0     18000
          5:         0      0                0          0          0     18000
          6:        a8      0              291          0          0     18000
          7:        a8      0             1717         -1          0     18000
          8:        a8      0              291          0          0     18000
          9:        a8      0             1717         -1          0     18000
         10:        a8     28             2047          0          0     18000
         11:        a8      0  18446744073709551324          0          0     18000
         12:        a8      0  18446744073709549898          1          0     18000
         13:        a8     28  18446744073709551615          0          0     18000
         14:        a8     28  18446744073709551615          0          0     18000
         15:        a8      0              291          0          0     18000
         16:        a8      0             1717         -1          0     18000
         17:        a9     31             2688          0          1     18000
         18:        a8      0              293        293          4     18000
         19:        a8      0             1719       1719          3     18000
         20:        a8      0              291        291          3     18000
         21:        a8      0             1717       1717          3     18000
         22:        a9      0             1718         -1          1     18000
         23:        a8      0              293        293          3     18000
         24:        a8      0             4096       4096          2     18000
         25:        a8     28           709176          0          0     18000
         26:        a8     28             2047          0          0     18000
         27:        a8      0             1719         -1          0     18000
         28:        a8     28             2047          0          0     18000
         29:         0      0                0          0          0     18000
         30:        a8      0             1719         -1          0     18000
         31:        a8      0             1719         -1          0     18000
         32:        a8      0         77883344   77883344          1     18000
         33:        a9     31              168          0          1     18000
         34:        a8     28          9998336          0          0     18000
         35:        a8     28             4096          0          0     18000
         36:        a8      0             1720         -1          0     18000
         37:        a8     28                1          0          0     18000
         38:        a8     28         10000000          0          0     18000
         39:        a8      0              294          0          0     18000
         40:        a8     28           709176          0          0     18000
         41:         0      0                0          0          0     18000
         42:        a8      2              291          0          0     18000
         43:         0      0                0          0          0     18000
         44:         0      0                0          0          0     18000
         45:        a8      0          3516416          0          1     18000
         46:        a8     31               87          0          1     18000
         47:        a8      0          3516708          1          1     18000
         48:        a8      0         81400052          1          1     18000
         49:        a8      0         14066832          4          1     18000
         50:        a8      0        130152416          4          1     18000
         51:        a8      3               82          0          1     18000
         52:         0      0                0          0          0     18000
         53:        a8      0            16021          0          1     18000
         54:         0      0                0          0          0     18000
         55:        a8     27            16021          0          0     18000
         56:        a8     28                0          0          0     18000
         57:         0      0                0          0          0     18000
         58:        a7      0             4096       4096          2     18000
         59:        a7      0           709176     709176          2     18000
         60:        a7      0             2048       2048          2     18000
         61:        a7      0         77883344   77883344          2     18000
         62:        a7      0        535742800  535742800          2     18000
         63:        a7      0          3516416    3516416          0     18000
         64:         0      0                0          0          0     18000
         65:         0      0                0          0          0     18000
         66:        a8     31         77883344          0          1     18000
         67:        a8     31             2048          0          1     18000
         68:        a7      0             1717       1717          0     18000
         69:        a7      0            15767      15767          0     18000
         70:        a7      0              292          1          0     18000
         71:        a7      0          3516708          1         17     18000
         72:        a7      0         81400052          1          0     18000
         73:        a7      0                1          0          0     18000
         74:        a7      0           705081          0          3     18000
         75:        a7      0                1          0          3     18000
         76:        a7      0            15768          0          3     18000
         77:        a7     31                0          0          3     18000
         78:        a7     31                0          0          0     18000
         79:        a7      0            15768          0          1     18000
         80:        a7      0              152          0          1     18000
         81:        a7      0              152          0          1     18000
         82:        a7      0             2432          0          1     18000
         83:        a7      0           707512          0          1     18000
         84:        a7      0             1181          1          1     18000
         85:        a7      0             4096          0          1     18000
         86:        a8     27                1          0          1     18000
         87:         0      0                0          0          0     18000
         88:        a8     27            16022          0          0     18000
         89:         0      0                0          0          0     18000
         90:         0      0                0          0          0     18000
         91:         0      0                0          0          0     18000
         92:        a8     27             4096          0          1     18000
         93:        a7      0         99809424          0          1     18000
         94:        a7      0             9448          8          1     18000
         95:        a7      0             1182          1          0     18000
         96:        a7      0         99818872          8          0     18000
         97:         0      0                0          0          0     18000
         98:         0      0                0          0          0     18000
         99:        a7     31            86280          0          0     18000
        100:        a8     31            86632          0          2     18000
        101:        a7      0         10000000          0          2     18000
        102:        a7      0           709176          0          2     18000
        103:        a7      0              291          0          2     18000
        104:        a7      0        535742832  535742832          3     18000
        105:        a8     31             1420          0          2     18000
        106:        a7      0        535742832  535742832          8     18000
        107:        a8     31  18446744073709547216          0          2     18000
        108:        a7      0           705080     705080          8     18000
        109:        a7      0             4096       4096          7     18000
        110:        a7      0           709176     709176          7     18000
        111:        a7      0             2048       2048          7     18000
        112:        a8     31           709176          0          1     18000
        113:        a7      0             1718       1718          7     18000
        114:        a7      0          3518464      -2048          1     18000
        115:        a7     31        116085584          0          1     18000
        116:         0      0                0          0          0     18000
        117:        a7      0              292          0          1     18000
        118:        a7     31               87          0          1     18000
        119:         0      0                0          0          0     18000
        120:         0      0                0          0          0     18000
        121:         0      0                0          0          0     18000
        122:         0      0                0          0          0     18000
        123:         0      0                0          0          0     18000
        124:        a7      0          3518756      -2048          1     18000
        125:        a7      0         14075024      -8192          1     18000
        126:        a7      0        130160608      -8192          1     18000
        127:        a7      0               82          0          1     18000
VPQ entry #:   PC(hex)   PCtag(hex)   PCindex(hex)
        216:     14fa0             a7              68
        217:     15108             a8              42
        218:     1510c             a8              43
        219:     15110             a8              44
        220:     15114             a8              45
        221:     150b4             a8              2d
        222:     150b8             a8              2e
        223:     150bc             a8              2f
        224:     150c0             a8              30
        225:     150c4             a8              31
        226:     150c8             a8              32
        227:     150cc             a8              33
        228:     150d4             a8              35
        229:     15114             a8              45
        230:     1511c             a8              47
        231:     1511c             a8              47
        232:     1511c             a8              47
        233:     1513c             a8              4f
        234:     15140             a8              50
        235:     15144             a8              51
        236:     15148             a8              52
        237:     1514c             a8              53
        238:     15150             a8              54
        239:     15154             a8              55
        240:     15158             a8              56
        241:     15170             a8              5c
        242:     15174             a8              5d
        243:     15178             a8              5e
        244:     15190             a8              64
        245:     15194             a8              65
        246:     15198             a8              66
        247:     1519c             a8              67
        248:     151a0             a8              68
        249:     151a4             a8              69
        250:     151a8             a8              6a
        251:     151ac             a8              6b
        252:     151b0             a8              6c
        253:     151b4             a8              6d
        254:     151b8             a8              6e
        255:     151bc             a8              6f
        256:     151c0             a8              70
        257:     151c4             a8              71
        258:     15280             a9              20
        259:     15284             a9              21
        260:     15244             a9              11
        261:     15248             a9              12
        262:     1524c             a9              13
        263:     15250             a9              14
        264:     15254             a9              15
        265:     15258             a9              16
        266:     1525c             a9              17
        267:     15260             a9              18
        268:     14fa8             a7              6a
        269:     14fb0             a7              6c
        270:     14fb4             a7              6d
        271:     14fb8             a7              6e
        272:     14fbc             a7              6f
        273:     14fc4             a7              71
        274:     14fc8             a7              72
        275:     14fcc             a7              73
        276:     14fd4             a7              75
        277:     14fd8             a7              76
        278:     14ff0             a7              7c
        279:     14ff4             a7              7d
        280:     14ff8             a7              7e
        281:     14ffc             a7              7f
        282:     15190             a8              64
        283:     15194             a8              65
        284:     15198             a8              66
        285:     1519c             a8              67
        286:     151a0             a8              68
        287:     151a4             a8              69
        288:     151a8             a8              6a
        289:     151ac             a8              6b
        290:     151b0             a8              6c
-------- DEBUG: retired instruction count = 19000
SVP entry #:   tag(hex)   conf   retired_value   stride   instance    insn_num
          0:         0      0                0          0          0     19000
          1:         0      0                0          0          0     19000
          2:         0      0                0          0          0     19000
          3:         0      0                0          0          0     19000
          4:         0      0                0          0          0     19000
          5:         0      0                0          0          0     19000
          6:        a8      1              291          0          1     19000
          7:        a8      1             1716         -1          1     19000
          8:        a8      1              291          0          1     19000
          9:        a8      1             1716         -1          1     19000
         10:        a8     29             2047          0          1     19000
         11:        a8      1  18446744073709551324          0          1     19000
         12:        a8      1  18446744073709549899          1          1     19000
         13:        a8     29  18446744073709551615          0          1     19000
         14:        a8     29  18446744073709551615          0          1     19000
         15:        a8      1              291          0          1     19000
         16:        a8      1             1716         -1          1     19000
         17:        a9     31             2688          0          1     19000
         18:        a9      1           707768          0          2     19000
         19:        a9      1         92868880          0          2     19000
         20:        a9      1           705080          0          2     19000
         21:        a9      1         92877456         -8          2     19000
         22:        a9      0             1717         -1          1     19000
         23:        a9      0              292          0          2     19000
         24:        a9      1             8568         -8          2     19000
         25:        a8     29           709176          0          1     19000
         26:        a8     29             2047          0          1     19000
         27:        a8      1             1718         -1          1     19000
         28:        a8     29             2047          0          1     19000
         29:         0      0                0          0          0     19000
         30:        a8      1             1718         -1          1     19000
         31:        a8      1             1718         -1          1     19000
         32:        a9      1              151          0          2     19000
         33:        a9     31              168          0          1     19000
         34:        a8     29          9998336          0          1     19000
         35:        a8     29             4096          0          1     19000
         36:        a8      1             1719         -1          1     19000
         37:        a8     29                1          0          1     19000
         38:        a8     29         10000000          0          1     19000
         39:        a8      1              294          0          1     19000
         40:        a8     29           709176          0          1     19000
         41:         0      0                0          0          0     19000
         42:        a8      7              291          0          1     19000
         43:         0      0                0          0          0     19000
         44:         0      0                0          0          0     19000
         45:        a8      1          3518464          0          3     19000
         46:        a8     31               87          0          3     19000
         47:        a8      1          3518757          1          3     19000
         48:        a8      1         81402101          1          3     19000
         49:        a8      1         14075028          4          3     19000
         50:        a8      1        130160612          4          2     19000
         51:        a8      0               87          0          2     19000
         52:         0      0                0          0          0     19000
         53:        a8      0            16021         -1          0     19000
         54:         0      0                0          0          0     19000
         55:        a8     29            16021          0          0     19000
         56:        a8     30                0          0          0     19000
         57:         0      0                0          0          0     19000
         58:        a7      0             4096       4096          4     19000
         59:        a7      0           709176     709176          4     19000
         60:        a7      0             2048       2048          3     19000
         61:        a7      0         77883344   77883344          3     19000
         62:        a7      0        535742800  535742800          3     19000
         63:        a7      0          3518464    3518464          3     19000
         64:         0      0                0          0          0     19000
         65:         0      0                0          0          0     19000
         66:        a8     31         77883344          0          0     19000
         67:        a8     31             2048          0          0     19000
         68:        a8      0        116085584  116085584          0     19000
         69:        a8      1              294          1          2     19000
         70:        a7      0              291          0          0     19000
         71:        a8      0             1719       1719          0     19000
         72:        a7      0         81402099       2048          0     19000
         73:        a7      6                1          0          0     19000
         74:        a7      6           705081          0          3     19000
         75:        a7      6                1          0          3     19000
         76:        a7      6            15768          0          3     19000
         77:        a7     31                0          0          3     19000
         78:        a7     31                0          0          0     19000
         79:        a8      0          3516416    3516416          0     19000
         80:        a8      0          3516708    3516708          0     19000
         81:        a8      0         81400052   81400052          0     19000
         82:        a8      0                1          1          0     19000
         83:        a8      0         14066832   14066832          0     19000
         84:        a8      0        130152416  130152416          0     19000
         85:        a8      0           705081     705081          0     19000
         86:        a8     29                1          0          0     19000
         87:         0      0                0          0          0     19000
         88:        a8     29            16022          0          0     19000
         89:         0      0                0          0          0     19000
         90:         0      0                0          0          0     19000
         91:         0      0                0          0          0     19000
         92:        a8     29             4096          0          0     19000
         93:        a8      0           709176     709176          0     19000
         94:        a8      0             1857       1857          0     19000
         95:        a7      6             1188          1          0     19000
         96:        a7      6         99818920          8          0     19000
         97:         0      0                0          0          0     19000
         98:         0      0                0          0          0     19000
         99:        a7     31            86280          0          0     19000
        100:        a8     31            86632          0          0     19000
        101:        a8      2             8568         -8          0     19000
        102:        a8      2           705080          0          0     19000
        103:        a8      2           709176          0          0     19000
        104:        a8      2  18446744073709551608          0          0     19000
        105:        a8     31             1420          0          1     19000
        106:        a7      0        535742832  535742832          1     19000
        107:        a8     31  18446744073709547216          0          1     19000
        108:        a7      0           705080     705080          1     19000
        109:        a7      0             4096       4096          1     19000
        110:        a7      0           709176     709176          1     19000
        111:        a7      0             2048       2048          1     19000
        112:        a8     31           709176          0          1     19000
        113:        a7      0             1717       1717          1     19000
        114:        a7      0          3516416      -2048          1     19000
        115:        a7     31        116085584          0          1     19000
        116:         0      0                0          0          0     19000
        117:        a7      0              292          0          1     19000
        118:        a7     31               87          0          1     19000
        119:         0      0                0          0          0     19000
        120:         0      0                0          0          0     19000
        121:         0      0                0          0          0     19000
        122:         0      0                0          0          0     19000
        123:         0      0                0          0          0     19000
        124:        a7      0          3516708      -2048          1     19000
        125:        a7      0         14066832      -8192          1     19000
        126:        a7      0        130152416      -8192          1     19000
        127:        a7      1               87          0          1     19000
VPQ entry #:   PC(hex)   PCtag(hex)   PCindex(hex)
         36:     151a4             a8              69
         37:     151a8             a8              6a
         38:     151ac             a8              6b
         39:     151b0             a8              6c
         40:     151b4             a8              6d
         41:     151b8             a8              6e
         42:     151bc             a8              6f
         43:     151c0             a8              70
         44:     151c4             a8              71
         45:     15280             a9              20
         46:     15284             a9              21
         47:     15244             a9              11
         48:     15248             a9              12
         49:     1524c             a9              13
         50:     15250             a9              14
         51:     15254             a9              15
         52:     15258             a9              16
         53:     1525c             a9              17
         54:     15260             a9              18
         55:     14fa8             a7              6a
         56:     14fb0             a7              6c
         57:     14fb4             a7              6d
         58:     14fb8             a7              6e
         59:     14fbc             a7              6f
         60:     14fc4             a7              71
         61:     14fc8             a7              72
         62:     14fcc             a7              73
         63:     14fd4             a7              75
         64:     14fd8             a7              76
         65:     14ff0             a7              7c
         66:     14ff4             a7              7d
         67:     14ff8             a7              7e
         68:     14ffc             a7              7f
         69:     15018             a8               6
         70:     1501c             a8               7
         71:     15020             a8               8
         72:     15024             a8               9
         73:     15028             a8               a
         74:     1502c             a8               b
         75:     15030             a8               c
         76:     15034             a8               d
         77:     15038             a8               e
         78:     1503c             a8               f
         79:     15040             a8              10
         80:     15048             a8              12
         81:     1504c             a8              13
         82:     15050             a8              14
         83:     15054             a8              15
         84:     1505c             a8              17
         85:     15060             a8              18
         86:     15064             a8              19
         87:     15068             a8              1a
         88:     1506c             a8              1b
         89:     15070             a8              1c
         90:     15078             a8              1e
         91:     1507c             a8              1f
         92:     15080             a8              20
         93:     15088             a8              22
         94:     1508c             a8              23
         95:     15090             a8              24
         96:     15094             a8              25
         97:     15098             a8              26
         98:     1509c             a8              27
         99:     150a0             a8              28
        100:     150a8             a8              2a
        101:     150b4             a8              2d
        102:     150b8             a8              2e
        103:     150bc             a8              2f
        104:     150c0             a8              30
        105:     150c4             a8              31
        106:     150c8             a8              32
        107:     150cc             a8              33
        108:     150e8             a8              3a
        109:     150ec             a8              3b
        110:     150f0             a8              3c
        111:     150f4             a8              3d
        112:     150f8             a8              3e
        113:     150fc             a8              3f
        114:     15114             a8              45
        115:     150b4             a8              2d
        116:     150b8             a8              2e
        117:     150bc             a8              2f
        118:     150c0             a8              30
        119:     150c4             a8              31
        120:     150c8             a8              32
        121:     150cc             a8              33
        122:     150e8             a8              3a
        123:     150ec             a8              3b
        124:     150f0             a8              3c
        125:     150f4             a8              3d
        126:     150f8             a8              3e
        127:     150fc             a8              3f
        128:     15114             a8              45
        129:     150b4             a8              2d
        130:     150b8             a8              2e
        131:     150bc             a8              2f
        132:     150c0             a8              30
        133:     150c4             a8              31
-------- DEBUG: retired instruction count = 20000
SVP entry #:   tag(hex)   conf   retired_value   stride   instance    insn_num
          0:         0      0                0          0          0     20000
          1:         0      0                0          0          0     20000
          2:         0      0                0          0          0     20000
          3:         0      0                0          0          0     20000
          4:         0      0                0          0          0     20000
          5:         0      0                0          0          0     20000
          6:        a8      3              291          0          0     20000
          7:        a8      3             1714         -1          0     20000
          8:        a8      3              291          0          0     20000
          9:        a8      3             1714         -1          0     20000
         10:        a8     31             2047          0          0     20000
         11:        a8      3  18446744073709551324          0          0     20000
         12:        a8      3  18446744073709549901          1          0     20000
         13:        a8     31  18446744073709551615          0          0     20000
         14:        a8     31  18446744073709551615          0          0     20000
         15:        a8      3              291          0          0     20000
         16:        a8      3             1714         -1          0     20000
         17:        a9     31             2688          0          2     20000
         18:        a8      0              293        293          2     20000
         19:        a8      0             1716       1716          2     20000
         20:        a8      0              291        291          2     20000
         21:        a8      0             1714       1714          2     20000
         22:        a9      1             1715         -1          2     20000
         23:        a8      0              293        293          2     20000
         24:        a8      0             4096       4096          2     20000
         25:        a8     31           709176          0          0     20000
         26:        a8     31             2047          0          0     20000
         27:        a8      3             1716         -1          0     20000
         28:        a8     31             2047          0          0     20000
         29:         0      0                0          0          0     20000
         30:        a8      3             1716         -1          0     20000
         31:        a8      3             1716         -1          0     20000
         32:        a8      0         77883344   77883344          2     20000
         33:        a9     31              168          0          2     20000
         34:        a8     31          9998336          0          0     20000
         35:        a8     31             4096          0          0     20000
         36:        a8      3             1717         -1          0     20000
         37:        a8     31                1          0          0     20000
         38:        a8     31         10000000          0          0     20000
         39:        a8      3              294          0          0     20000
         40:        a8     31           709176          0          0     20000
         41:         0      0                0          0          0     20000
         42:        a8     13              291          0          0     20000
         43:         0      0                0          0          0     20000
         44:         0      0                0          0          0     20000
         45:        a8      0          3514368          0          1     20000
         46:        a8     31               87          0          1     20000
         47:        a8      0          3514660          1          1     20000
         48:        a8      0         81398004          1          1     20000
         49:        a8      0         14058640          4          1     20000
         50:        a8      0        130144224          4          1     20000
         51:        a8      0               87          5          1     20000
         52:         0      0                0          0          0     20000
         53:        a8      1            16021          0          2     20000
         54:         0      0                0          0          0     20000
         55:        a8     31            16021          0          0     20000
         56:        a8     31                0          0          0     20000
         57:         0      0                0          0          0     20000
         58:        a7      0             4096       4096          0     20000
         59:        a7      0           709176     709176          0     20000
         60:        a7      0             2048       2048          0     20000
         61:        a7      0         77883344   77883344          0     20000
         62:        a7      0        535742800  535742800          0     20000
         63:        a7      0          3514368    3514368          0     20000
         64:         0      0                0          0          0     20000
         65:         0      0                0          0          0     20000
         66:        a8     31         77883344          0          0     20000
         67:        a8     31             2048          0          0     20000
         68:        a8      0        116085584  116085584          0     20000
         69:        a8      0              292        292          2     20000
         70:        a7      0              291          0          0     20000
         71:        a7      0          3514659    3514659          0     20000
         72:        a7      0         81398003       2048          0     20000
         73:        a7     14                1          0          0     20000
         74:        a7     14           705081          0          3     20000
         75:        a7     14                1          0          3     20000
         76:        a7     14            15768          0          3     20000
         77:        a7     31                0          0          3     20000
         78:        a7     31                0          0          0     20000
         79:        a7      2            15768          0          1     20000
         80:        a7      2              152          0          1     20000
         81:        a7      2              152          0          1     20000
         82:        a7      2             2432          0          1     20000
         83:        a7      2           707512          0          1     20000
         84:        a7      2             1195          1          1     20000
         85:        a7      2             4096          0          1     20000
         86:        a8     30                1          0          1     20000
         87:         0      0                0          0          0     20000
         88:        a8     30            16022          0          1     20000
         89:         0      0                0          0          0     20000
         90:         0      0                0          0          0     20000
         91:         0      0                0          0          0     20000
         92:        a8     30             4096          0          1     20000
         93:        a7      2         99809424          0          1     20000
         94:        a7      2             9560          8          1     20000
         95:        a7     14             1196          1          0     20000
         96:        a7     14         99818984          8          0     20000
         97:         0      0                0          0          0     20000
         98:         0      0                0          0          0     20000
         99:        a7     31            86280          0          0     20000
        100:        a8     31            86632          0          3     20000
        101:        a7      0            16021          0          3     20000
        102:        a7      2           709176          0          3     20000
        103:        a7      2              291          0          3     20000
        104:        a7      2        535742832          0          3     20000
        105:        a8     31             1420          0          3     20000
        106:        a7      0        535742832  535742832          5     20000
        107:        a8     31  18446744073709547216          0          3     20000
        108:        a7      0           705080     705080          5     20000
        109:        a7      0             4096       4096          5     20000
        110:        a7      0           709176     709176          5     20000
        111:        a7      0             2048       2048          4     20000
        112:        a8     31           709176          0          2     20000
        113:        a7      0             1715       1715          4     20000
        114:        a7      1          3512320      -2048          2     20000
        115:        a7     31        116085584          0          2     20000
        116:         0      0                0          0          0     20000
        117:        a7      1              292          0          2     20000
        118:        a7     31               87          0          2     20000
        119:         0      0                0          0          0     20000
        120:         0      0                0          0          0     20000
        121:         0      0                0          0          0     20000
        122:         0      0                0          0          0     20000
        123:         0      0                0          0          0     20000
        124:        a7      1          3512612      -2048          2     20000
        125:        a7      1         14050448      -8192          2     20000
        126:        a7      1        130136032      -8192          2     20000
        127:        a7      0               82         -5          2     20000
VPQ entry #:   PC(hex)   PCtag(hex)   PCindex(hex)
        173:     150d4             a8              35
        174:     15114             a8              45
        175:     150b4             a8              2d
        176:     150b8             a8              2e
        177:     150bc             a8              2f
        178:     150c0             a8              30
        179:     150c4             a8              31
        180:     150c8             a8              32
        181:     150cc             a8              33
        182:     150d4             a8              35
        183:     15114             a8              45
        184:     1511c             a8              47
        185:     1513c             a8              4f
        186:     15140             a8              50
        187:     15144             a8              51
        188:     15148             a8              52
        189:     1514c             a8              53
        190:     15150             a8              54
        191:     15154             a8              55
        192:     15158             a8              56
        193:     15160             a8              58
        194:     15170             a8              5c
        195:     15174             a8              5d
        196:     15178             a8              5e
        197:     15190             a8              64
        198:     15194             a8              65
        199:     15198             a8              66
        200:     1519c             a8              67
        201:     151a0             a8              68
        202:     151a4             a8              69
        203:     151a8             a8              6a
        204:     151ac             a8              6b
        205:     151b0             a8              6c
        206:     151b4             a8              6d
        207:     151b8             a8              6e
        208:     151bc             a8              6f
        209:     151c0             a8              70
        210:     151c4             a8              71
        211:     15280             a9              20
        212:     15284             a9              21
        213:     15244             a9              11
        214:     15248             a9              12
        215:     1524c             a9              13
        216:     15250             a9              14
        217:     15254             a9              15
        218:     15258             a9              16
        219:     1525c             a9              17
        220:     15260             a9              18
        221:     14fa8             a7              6a
        222:     14fb0             a7              6c
        223:     14fb4             a7              6d
        224:     14fb8             a7              6e
        225:     14fbc             a7              6f
        226:     14fc4             a7              71
        227:     14fc8             a7              72
        228:     14fcc             a7              73
        229:     14fd4             a7              75
        230:     14fd8             a7              76
        231:     14ff0             a7              7c
        232:     14ff4             a7              7d
        233:     14ff8             a7              7e
        234:     14ffc             a7              7f
        235:     15190             a8              64
        236:     15194             a8              65
        237:     15198             a8              66
        238:     1519c             a8              67
        239:     151a0             a8              68
        240:     151a4             a8              69
        241:     151a8             a8              6a
        242:     151ac             a8              6b
        243:     151b0             a8              6c
        244:     151b4             a8              6d
        245:     151b8             a8              6e
        246:     151bc             a8              6f
        247:     151c0             a8              70
        248:     151c4             a8              71
        249:     15280             a9              20
        250:     15284             a9              21
        251:     15244             a9              11
        252:     15248             a9              12
        253:     1524c             a9              13
        254:     15250             a9              14
        255:     15254             a9              15
        256:     15258             a9              16
        257:     1525c             a9              17
        258:     15260             a9              18
        259:     14fa8             a7              6a
        260:     14fb0             a7              6c
        261:     14fb4             a7              6d
        262:     14fb8             a7              6e
        263:     14fbc             a7              6f
        264:     14fc4             a7              71
        265:     14fc8             a7              72
        266:     14fcc             a7              73
        267:     14fd4             a7              75
        268:     14fd8             a7              76
        269:     14ff0             a7              7c
        270:     14ff4             a7              7d
        271:     14ff8             a7              7e
        272:     14ffc             a7              7f
        273:     15190             a8              64
        274:     15194             a8              65
        275:     15198             a8              66
        276:     1519c             a8              67
        277:     151a0             a8              68
        278:     151a4             a8              69
        279:     151a8             a8              6a
        280:     151ac             a8              6b
        281:     151b0             a8              6c
        282:     151b4             a8              6d
        283:     151b8             a8              6e
[stats]
commit_count : 20000
cycle_count : 10395
exception_count : 0
ld_vio_count : 16
split_count : 0
[rates]
ipc_rate : 1.92
BRANCH PREDICTION MEASUREMENTS---------------------
Type                      n          m     mr  mpki
All                    2726        109  4.00%  5.45
Branch                 1969        109  5.54%  5.45
Jump Direct             226          0  0.00%  0.00
Call Direct             266          0  0.00%  0.00
Jump Indirect             0          0  -nan%  0.00
Call Indirect             0          0  -nan%  0.00
Return                  265          0  0.00%  0.00
(Number of Jump Indirects whose target was the next sequential PC = 0)
BTB MEASUREMENTS-----------------------------------
BTB misses (fetch cycles squashed due to a BTB miss) = 0 (0.00% of all cycles)
LSU MEASUREMENTS-----------------------------------
LOADS (retired)
  loads            = 5887
  disambig. stall  = 1059 (17.99%)
     disambig. stall: addr. unknown = 1059 (17.99%)
        true dep. stall             = 622 (10.57%)
        false dep. stall            = 437 (7.42%)
     disambig. stall: value or size = 0 (0.00%)
  load violations  = 16 (0.27%)
  forward          = 1614 (27.42%)
  miss stall       = 125 (2.12%)
STORES (retired)
  stores           = 2701
  miss stall       = 0 (0.00%)
MDP quick stats
  false stalls     = 437
  load violations  = 16
VPU MEASUREMENTS-----------------------------------
vpmeas_ineligible         :       5427 ( 27.14%) // Not eligible for value prediction.
vpmeas_eligible           :      14573 ( 72.86%) // Eligible for value prediction.
   vpmeas_miss            :       4901 ( 24.50%) // VPU was unable to generate a value prediction (e.g., SVP miss).
   vpmeas_conf_corr       :       1907 (  9.53%) // VPU generated a confident and correct value prediction.
   vpmeas_conf_incorr     :          6 (  0.03%) // VPU generated a confident and incorrect value prediction. (MISPREDICTION)
   vpmeas_unconf_corr     :       2250 ( 11.25%) // VPU generated an unconfident and correct value prediction. (LOST OPPORTUNITY)
   vpmeas_unconf_incorr   :       5509 ( 27.54%) // VPU generated an unconfident and incorrect value prediction.
