
=== PERFECT FLAGS ===============================================================

PERFECT_BRANCH_PRED = 0
PERFECT_DCACHE      = 0
PERFECT_ICACHE      = 0
PERFECT_TRACE_CACHE = 1
ORACLE_DISAMBIG     = 0

=== STRUCTURES AND POLICIES =====================================================

FETCH QUEUE = 64
RENAMER:
   ACTIVE LIST = 256
   PHYSICAL REGISTER FILE = 320 (auto-sized w.r.t. Active List)
   BRANCH CHECKPOINTS = 32
SCHEDULER:
   ISSUE QUEUE = 64
   PARTITIONS = 4
   PRESTEER = 0
   IDEAL AGE-BASED = 0
LOAD/STORE UNIT:
   LOAD QUEUE = 128
   STORE QUEUE = 128
   MEMORY DEPENDENCE PREDICTOR: MDP-ctr (max ctr: 31)
   SPLIT STORES = 0

=== PIPELINE STAGE WIDTHS =======================================================

FETCH WIDTH = 8
DISPATCH WIDTH = 8
ISSUE WIDTH = 16
RETIRE WIDTH = 8

=== EXECUTION LANES =============================================================

        |latency |   BR   |   LS   |  ALU_S |  ALU_C | LS_FP  | ALU_FP |  MTF   |
        +--------+--------+--------+--------+--------+--------+--------+--------+
lane 0  |    3   |        |   x    |        |        |   x    |        |        |
lane 1  |    1   |   x    |        |   x    |        |        |        |   x    |
lane 2  |    3   |        |        |        |   x    |        |   x    |        |
lane 3  |    1   |   x    |        |   x    |        |        |        |   x    |
lane 4  |    1   |   x    |        |   x    |        |        |        |   x    |
lane 5  |    3   |        |   x    |        |        |   x    |        |        |
lane 6  |    1   |   x    |        |   x    |        |        |        |   x    |
lane 7  |    3   |        |        |        |   x    |        |   x    |        |
lane 8  |    3   |        |   x    |        |        |   x    |        |        |
lane 9  |    1   |   x    |        |   x    |        |        |        |   x    |
lane 10  |    3   |        |        |        |   x    |        |   x    |        |
lane 11  |    1   |   x    |        |   x    |        |        |        |   x    |
lane 12  |    1   |   x    |        |   x    |        |        |        |   x    |
lane 13  |    3   |        |   x    |        |        |   x    |        |        |
lane 14  |    1   |   x    |        |   x    |        |        |        |   x    |
lane 15  |    3   |        |        |        |   x    |        |   x    |        |

=== MEMORY HIERARCHY ============================================================

L1 I$:
   64 KB, 8-way set-associative, 64 B block size
   hit latency = 1 cycles (superseded by fetch unit's pipeline depth)
   MHSRs = 32
L1 D$:
   64 KB, 4-way set-associative, 64 B block size
   hit latency = 1 cycles (superseded by load/store lane's pipeline depth)
   MHSRs = 128
L2$:
   1 MB, 8-way set-associative, 64 B block size
   hit latency = 10 cycles 
   MHSRs = 128
L3$:
   8 MB, 16-way set-associative, 128 B block size
   hit latency = 30 cycles 
   MHSRs = 128
   miss latency = 100 cycles

=== BRANCH PREDICTOR ============================================================

BQ_SIZE = 352 (auto-sized)
BTB_ENTRIES = 8192
BTB_ASSOC = 4
RAS_SIZE = 64
RAS_RECOVER_MODEL = RAS_RECOVER_TOS_POINTER_AND_CONTENT
COND_BRANCH_PRED_PER_CYCLE = 3
CBP_ALGORITHM = gshare
CBP_PC_LENGTH = 20
CBP_BHR_LENGTH = 16
IBP_PC_LENGTH = 20
IBP_BHR_LENGTH = 16
ENABLE_TRACE_CACHE = 1

=== VALUE PREDICTOR ============================================================

VP-eligible configuration:
   predINTALU = 1 
   predFPALU  = 0 
   predLOAD   = 1 

VALUE PREDICTOR = stride (Project 4 spec. implementation)
   VPQsize             = 300 
   oracleconf          = 0 (real confidence)
   # index bits        = 7 
   # tag bits          = 10 
   confmax             = 31 

COST ACCOUNTING
	One SVP entry:
		tag              :  10 bits  // num_tag_bits
		conf             :   5 bits  // formula: (uint64_t)ceil(log2((double)(confmax+1)))
		retired_value    :  64 bits  // RISCV64 integer size.
		stride           :  64 bits  // RISCV64 integer size. Competition opportunity: truncate stride to far fewer bits based on stride distribution of stride-predictable instructions.
		instance ctr     :   9 bits  // formula: (uint64_t)ceil(log2((double)VPQsize))
		-------------------------
		bits/SVP entry   : 152 bits
	Total storage cost (bits) = (128 SVP entries x 152 bits/SVP entry) = 19456 bits
	Total storage cost (bytes) = 2432.00 B (2.38 KB)

=== INTERNAL SIMULATOR STRUCTURES ===============================================

PAYLOAD_BUFFER_SIZE = 1024

=== END CONFIGURATION ===========================================================

-------- DEBUG: retired instruction count = 1000
SVP entry #:   tag(hex)   conf   retired_value   stride   instance
          0:         0      0                0          0          0
          1:         0      0                0          0          0
          2:         0      0                0          0          0
          3:         0      0                0          0          0
          4:         0      0                0          0          0
          5:         0      0                0          0          0
          6:        a8      0              346          1          0
          7:        a8      0             1796          0          0
          8:        a8      0              346          1          0
          9:        a8      0             1796          0          0
         10:        a8      0             2047          0          0
         11:        a8      0  18446744073709551269         -1          0
         12:        a8      0  18446744073709549819          0          0
         13:        a8      0  18446744073709551615          0          0
         14:        a8      0  18446744073709551615          0          0
         15:        a8      0              346          1          0
         16:        a8      0             1796          0          0
         17:        a9      6             2688          0          0
         18:        a8      0              348        348          3
         19:        a8      0             1798       1798          2
         20:        a8      0              346        346          2
         21:        a8      0             1796       1796          2
         22:        a9      0             1797          1          0
         23:        a8      0              348        348          2
         24:        a8      0             4096       4096          1
         25:        a8      0           709176          0          0
         26:        a8      0             2047          0          0
         27:        a8      0             1798          0          0
         28:        a8      0             2047          0          0
         29:         0      0                0          0          0
         30:        a8      0             1798          0          0
         31:        a8      0             1798          0          0
         32:        a8      0         77883344   77883344          0
         33:        a9      6              168          0          0
         34:        a8      0          9998336          0          0
         35:        a8      0             4096          0          0
         36:        a8      0             1799          0          0
         37:        a8      0                1          0          0
         38:        a8      0         10000000          0          0
         39:        a8      0              349          1          0
         40:        a8      0           709176          0          0
         41:         0      0                0          0          0
         42:        a8      1              346          0          0
         43:         0      0                0          0          0
         44:         0      0                0          0          0
         45:        a8      0          3682304       2048          2
         46:        a8     12               87          0          2
         47:        a8      0          3682650       2046          2
         48:        a8      0         81565994       2046          2
         49:        a8      0         14730600       8184          2
         50:        a8      0        130816184       8184          2
         51:        a8      0               82          0          2
         52:         0      0                0          0          0
         53:        a8      0            16022          1          0
         54:         0      0                0          0          0
         55:        a8      0            16021          0          0
         56:        a8      1                0          0          0
         57:         0      0                0          0          0
         58:        a8      0                1          1          2
         59:        a8      0              346        346          2
         60:        a8      0             1798       1798          2
         61:        a8      0           705081     705081          2
         62:        a8      0                1          1          2
         63:        a8      0           705080     705080          2
         64:         0      0                0          0          0
         65:         0      0                0          0          0
         66:        a8      3         77883344          0          3
         67:        a8      3             2048          0          3
         68:        a8      0        116085584  116085584          3
         69:        a8      0              349        349          3
         70:        a7      2              348          1          3
         71:        a8      0             1798       1798          1
         72:        a7      0         81563948      -2047          3
         73:        a7      3                1          0          3
         74:        a7      3           705081          0          6
         75:        a7      3                1          0          6
         76:        a7      3            15768          0          6
         77:        a7      4                0          0          6
         78:        a7      4                0          0          3
         79:        a7      0            15768      15768          4
         80:        a7      0              152        152          4
         81:        a7      0              152        152          4
         82:        a7      0             2432       2432          4
         83:        a7      0           707512     707512          4
         84:        a7      0             1070       1070          4
         85:        a7      0             4096       4096          4
         86:        a8      0                1          1          0
         87:         0      0                0          0          0
         88:        a8      0            16022      16022          0
         89:         0      0                0          0          0
         90:         0      0                0          0          0
         91:         0      0                0          0          0
         92:        a8      0             4096       4096          0
         93:        a7      0         99809424   99809424          3
         94:        a7      0             8560       8560          3
         95:        a7      3             1071          1          3
         96:        a7      3         99817984          8          3
         97:         0      0                0          0          0
         98:         0      0                0          0          0
         99:        a7      3            86280          0          3
        100:        a8      5            86632          0          0
        101:        a7      0            16021      16021          3
        102:        a7      0           709176     709176          3
        103:        a7      0              346        346          3
        104:        a7      0        535742832  535742832          3
        105:        a8      5             1420          0          0
        106:        a7      0        535742832  535742832          5
        107:        a8      5  18446744073709547216          0          0
        108:        a7      0           705080     705080          4
        109:        a7      0             4096       4096          4
        110:        a7      0           709176     709176          4
        111:        a7      0             2048       2048          4
        112:        a8      5           709176          0          0
        113:        a7      0             1797       1797          4
        114:        a7      0          3680256       2048          0
        115:        a7      6        116085584          0          0
        116:         0      0                0          0          0
        117:        a7      0              347          3          0
        118:        a7      6               87          0          0
        119:         0      0                0          0          0
        120:         0      0                0          0          0
        121:         0      0                0          0          0
        122:         0      0                0          0          0
        123:         0      0                0          0          0
        124:        a7      0          3680603       2051          0
        125:        a7      0         14722412       8204          0
        126:        a7      0        130807996       8204          0
        127:        a7      0               82         -5          0
VPQ entry #:   PC(hex)   PCtag(hex)   PCindex(hex)
        116:     14ee8             a7              3a
        117:     14eec             a7              3b
        118:     14ef0             a7              3c
        119:     14ef4             a7              3d
        120:     14ef8             a7              3e
        121:     14efc             a7              3f
        122:     14f10             a7              44
        123:     14f14             a7              45
        124:     14f18             a7              46
        125:     14f1c             a7              47
        126:     14f20             a7              48
        127:     14f24             a7              49
        128:     14f28             a7              4a
        129:     14f2c             a7              4b
        130:     14f30             a7              4c
        131:     14f34             a7              4d
        132:     14f38             a7              4e
        133:     14f3c             a7              4f
        134:     14f40             a7              50
        135:     14f44             a7              51
        136:     14f48             a7              52
        137:     14f4c             a7              53
        138:     14f50             a7              54
        139:     14f54             a7              55
        140:     14f74             a7              5d
        141:     14f78             a7              5e
        142:     14f7c             a7              5f
        143:     14f80             a7              60
        144:     14f8c             a7              63
        145:     14f94             a7              65
        146:     14f98             a7              66
        147:     14f9c             a7              67
        148:     14fa0             a7              68
        149:     15108             a8              42
        150:     1510c             a8              43
        151:     15110             a8              44
        152:     15114             a8              45
        153:     150b4             a8              2d
        154:     150b8             a8              2e
        155:     150bc             a8              2f
        156:     150c0             a8              30
        157:     150c4             a8              31
        158:     150c8             a8              32
        159:     150cc             a8              33
        160:     150e8             a8              3a
        161:     150ec             a8              3b
        162:     150f0             a8              3c
        163:     150f4             a8              3d
        164:     150f8             a8              3e
        165:     150fc             a8              3f
        166:     14ee8             a7              3a
        167:     14eec             a7              3b
        168:     14ef0             a7              3c
        169:     14ef4             a7              3d
        170:     14ef8             a7              3e
        171:     14efc             a7              3f
        172:     14f10             a7              44
        173:     14f14             a7              45
        174:     14f18             a7              46
        175:     14f1c             a7              47
        176:     14f20             a7              48
        177:     14f24             a7              49
        178:     14f28             a7              4a
        179:     14f2c             a7              4b
        180:     14f30             a7              4c
        181:     14f34             a7              4d
        182:     14f38             a7              4e
        183:     14f3c             a7              4f
        184:     14f40             a7              50
        185:     14f44             a7              51
        186:     14f48             a7              52
        187:     14f4c             a7              53
        188:     14f50             a7              54
        189:     14f54             a7              55
        190:     14f74             a7              5d
        191:     14f78             a7              5e
        192:     14f7c             a7              5f
        193:     14f80             a7              60
        194:     14f8c             a7              63
        195:     14f94             a7              65
        196:     14f98             a7              66
        197:     14f9c             a7              67
        198:     14fa0             a7              68
        199:     15108             a8              42
        200:     1510c             a8              43
        201:     15110             a8              44
        202:     15114             a8              45
        203:     150b4             a8              2d
        204:     150b8             a8              2e
        205:     150bc             a8              2f
        206:     150c0             a8              30
        207:     150c4             a8              31
        208:     150c8             a8              32
        209:     150cc             a8              33
        210:     150e8             a8              3a
        211:     150ec             a8              3b
        212:     150f0             a8              3c
        213:     150f4             a8              3d
        214:     150f8             a8              3e
        215:     150fc             a8              3f
        216:     14ee8             a7              3a
        217:     14eec             a7              3b
        218:     14ef0             a7              3c
        219:     14ef4             a7              3d
        220:     14ef8             a7              3e
        221:     14efc             a7              3f
        222:     14f10             a7              44
        223:     14f14             a7              45
        224:     14f18             a7              46
        225:     14f1c             a7              47
        226:     14f20             a7              48
        227:     14f24             a7              49
        228:     14f28             a7              4a
        229:     14f2c             a7              4b
        230:     14f30             a7              4c
        231:     14f34             a7              4d
        232:     14f38             a7              4e
        233:     14f3c             a7              4f
        234:     14f40             a7              50
        235:     14f44             a7              51
        236:     14f48             a7              52
        237:     14f4c             a7              53
        238:     14f50             a7              54
        239:     14f54             a7              55
        240:     14f74             a7              5d
        241:     14f78             a7              5e
        242:     14f7c             a7              5f
        243:     14f80             a7              60
        244:     14f8c             a7              63
        245:     14f94             a7              65
        246:     14f98             a7              66
        247:     14f9c             a7              67
        248:     14fa0             a7              68
        249:     15108             a8              42
        250:     1510c             a8              43
        251:     15110             a8              44
        252:     15114             a8              45
        253:     1511c             a8              47
        254:     1513c             a8              4f
        255:     15140             a8              50
        256:     15144             a8              51
        257:     15148             a8              52
        258:     1514c             a8              53
        259:     15150             a8              54
        260:     15154             a8              55
-------- DEBUG: retired instruction count = 2000
SVP entry #:   tag(hex)   conf   retired_value   stride   instance
          0:         0      0                0          0          0
          1:         0      0                0          0          0
          2:         0      0                0          0          0
          3:         0      0                0          0          0
          4:         0      0                0          0          0
          5:         0      0                0          0          0
          6:        a8      1              347          1          1
          7:        a8      1             1796          0          1
          8:        a8      1              347          1          1
          9:        a8      1             1796          0          1
         10:        a8      1             2047          0          1
         11:        a8      1  18446744073709551268         -1          1
         12:        a8      1  18446744073709549819          0          1
         13:        a8      1  18446744073709551615          0          1
         14:        a8      1  18446744073709551615          0          1
         15:        a8      1              347          1          1
         16:        a8      1             1796          0          1
         17:        a9     14             2688          0          0
         18:        a9      2           707768          0          1
         19:        a9      2         92868880          0          1
         20:        a9      2           705080          0          1
         21:        a9      2         92878320         -8          1
         22:        a9      0             1797          1          0
         23:        a9      0              349          3          1
         24:        a9      2             9432         -8          1
         25:        a8      1           709176          0          1
         26:        a8      1             2047          0          1
         27:        a8      1             1798          0          1
         28:        a8      1             2047          0          1
         29:         0      0                0          0          0
         30:        a8      1             1798          0          1
         31:        a8      1             1798          0          1
         32:        a9      2              151          0          2
         33:        a9     14              168          0          0
         34:        a8      1          9998336          0          1
         35:        a8      1             4096          0          1
         36:        a8      1             1799          0          1
         37:        a8      1                1          0          1
         38:        a8      1         10000000          0          1
         39:        a8      1              350          1          1
         40:        a8      1           709176          0          1
         41:         0      0                0          0          0
         42:        a8      1              347          0          0
         43:         0      0                0          0          0
         44:         0      0                0          0          0
         45:        a8      1          3682304          0          0
         46:        a8     22               87          0          0
         47:        a8      1          3682653          1          0
         48:        a8      1         81565997          1          0
         49:        a8      1         14730612          4          0
         50:        a8      1        130816196          4          0
         51:        a8      2               82          0          0
         52:         0      0                0          0          0
         53:        a8      0            16022          1          0
         54:         0      0                0          0          0
         55:        a8      1            16021          0          0
         56:        a8      2                0          0          0
         57:         0      0                0          0          0
         58:        a7      0             4096       4096          0
         59:        a7      0           709176     709176          0
         60:        a7      0             2048       2048          0
         61:        a7      0         77883344   77883344          0
         62:        a7      0        535742800  535742800          0
         63:        a7      0          3682304    3682304          0
         64:         0      0                0          0          0
         65:         0      0                0          0          0
         66:        a8     10         77883344          0          0
         67:        a8     10             2048          0          0
         68:        a8      0        116085584  116085584          0
         69:        a8      0              350        350          0
         70:        a7      1              349          1          0
         71:        a8      0             1799       1799          7
         72:        a7      1         81565997          1          0
         73:        a7     10                1          0          0
         74:        a7     10           705081          0          7
         75:        a7     10                1          0          7
         76:        a7     10            15768          0          7
         77:        a7     11                0          0          7
         78:        a7     11                0          0          0
         79:        a8      0          3680256    3680256          0
         80:        a8      0          3680604    3680604          0
         81:        a8      0         81563948   81563948          0
         82:        a8      0                1          1          0
         83:        a8      0         14722416   14722416          0
         84:        a8      0        130808000  130808000          0
         85:        a8      0           705081     705081          0
         86:        a8      1                1          0          0
         87:         0      0                0          0          0
         88:        a8      1            16022          0          0
         89:         0      0                0          0          0
         90:         0      0                0          0          0
         91:         0      0                0          0          0
         92:        a8      1             4096          0          0
         93:        a8      0           709176     709176          0
         94:        a8      0             1857       1857          0
         95:        a7     10             1078          1          0
         96:        a7     10         99818040          8          0
         97:         0      0                0          0          0
         98:         0      0                0          0          0
         99:        a7     10            86280          0          0
        100:        a8     13            86632          0          0
        101:        a8      2             9440         -8          0
        102:        a8      2           705080          0          0
        103:        a8      2           709176          0          0
        104:        a8      2  18446744073709551608          0          0
        105:        a8     13             1420          0          0
        106:        a7      0        535742832  535742832          0
        107:        a8     13  18446744073709547216          0          0
        108:        a7      0           705080     705080          0
        109:        a7      0             4096       4096          0
        110:        a8      0             1857       1857          0
        111:        a8      0        535743116  535743116          0
        112:        a8     13           709176          0          0
        113:        a8      0        535742944  535742944          0
        114:        a7      0          3678208      -2048          1
        115:        a7     13        116085584          0          1
        116:         0      0                0          0          0
        117:        a7      0              346          0          1
        118:        a7     13               87          0          1
        119:         0      0                0          0          0
        120:         0      0                0          0          0
        121:         0      0                0          0          0
        122:         0      0                0          0          0
        123:         0      0                0          0          0
        124:        a7      0          3678554      -2048          1
        125:        a7      0         14714216      -8192          1
        126:        a7      0        130799800      -8192          1
        127:        a7      1               87          0          1
VPQ entry #:   PC(hex)   PCtag(hex)   PCindex(hex)
        247:     14fb8             a7              6e
        248:     14fbc             a7              6f
        249:     14fc4             a7              71
        250:     14fc8             a7              72
        251:     14fcc             a7              73
        252:     14fd4             a7              75
        253:     14fd8             a7              76
        254:     14ff0             a7              7c
        255:     14ff4             a7              7d
        256:     14ff8             a7              7e
        257:     14ffc             a7              7f
        258:     15018             a8               6
        259:     1501c             a8               7
        260:     15020             a8               8
        261:     15024             a8               9
        262:     15028             a8               a
        263:     1502c             a8               b
        264:     15030             a8               c
        265:     15034             a8               d
        266:     15038             a8               e
        267:     1503c             a8               f
        268:     15040             a8              10
        269:     15048             a8              12
        270:     1504c             a8              13
        271:     15050             a8              14
        272:     15054             a8              15
        273:     1505c             a8              17
        274:     15060             a8              18
        275:     15064             a8              19
        276:     15068             a8              1a
        277:     1506c             a8              1b
        278:     15070             a8              1c
        279:     15078             a8              1e
        280:     1507c             a8              1f
        281:     15080             a8              20
        282:     15088             a8              22
        283:     1508c             a8              23
        284:     15090             a8              24
        285:     15094             a8              25
        286:     15098             a8              26
        287:     1509c             a8              27
        288:     150a0             a8              28
        289:     1511c             a8              47
        290:     1511c             a8              47
        291:     1511c             a8              47
        292:     1511c             a8              47
        293:     1511c             a8              47
        294:     1511c             a8              47
        295:     1511c             a8              47
-------- DEBUG: retired instruction count = 3000
SVP entry #:   tag(hex)   conf   retired_value   stride   instance
          0:         0      0                0          0          0
          1:         0      0                0          0          0
          2:         0      0                0          0          0
          3:         0      0                0          0          0
          4:         0      0                0          0          0
          5:         0      0                0          0          0
          6:        a8      3              349          1          0
          7:        a8      3             1796          0          0
          8:        a8      3              349          1          0
          9:        a8      3             1796          0          0
         10:        a8      3             2047          0          0
         11:        a8      3  18446744073709551266         -1          0
         12:        a8      3  18446744073709549819          0          0
         13:        a8      3  18446744073709551615          0          0
         14:        a8      3  18446744073709551615          0          0
         15:        a8      3              349          1          0
         16:        a8      3             1796          0          0
         17:        a9     18             2688          0          3
         18:        a8      0              351        351          3
         19:        a8      0             1798       1798          3
         20:        a8      0              349        349          3
         21:        a8      0             1796       1796          3
         22:        a9      0             1797          1          3
         23:        a8      0              351        351          3
         24:        a8      0             4096       4096          3
         25:        a8      3           709176          0          0
         26:        a8      3             2047          0          0
         27:        a8      3             1798          0          0
         28:        a8      3             2047          0          0
         29:         0      0                0          0          0
         30:        a8      3             1798          0          0
         31:        a8      3             1798          0          0
         32:        a8      0         77883344   77883344          3
         33:        a9     18              168          0          3
         34:        a8      3          9998336          0          0
         35:        a8      3             4096          0          0
         36:        a8      3             1799          0          0
         37:        a8      3                1          0          0
         38:        a8      3         10000000          0          0
         39:        a8      3              352          1          0
         40:        a8      3           709176          0          0
         41:         0      0                0          0          0
         42:        a8      1              349          0          0
         43:         0      0                0          0          0
         44:         0      0                0          0          0
         45:        a8      1          3682304          0          0
         46:        a8     31               87          0          0
         47:        a8      1          3682655          1          0
         48:        a8      1         81565999          1          0
         49:        a8      1         14730620          4          0
         50:        a8      1        130816204          4          0
         51:        a8      2               82          0          0
         52:         0      0                0          0          0
         53:        a8      0            16022          1          0
         54:         0      0                0          0          0
         55:        a8      3            16021          0          0
         56:        a8      4                0          0          0
         57:         0      0                0          0          0
         58:        a7      0             4096       4096          0
         59:        a7      0           709176     709176          0
         60:        a7      0             2048       2048          0
         61:        a7      0         77883344   77883344          0
         62:        a7      0        535742800  535742800          0
         63:        a7      0          3682304    3682304          0
         64:         0      0                0          0          0
         65:         0      0                0          0          0
         66:        a8     18         77883344          0          0
         67:        a8     18             2048          0          0
         68:        a8      0        116085584  116085584          0
         69:        a8      0              352        352          0
         70:        a7      1              351          1          0
         71:        a8      0             1799       1799          0
         72:        a7      1         81565999          1          0
         73:        a7     18                1          0          0
         74:        a7     18           705081          0         10
         75:        a7     18                1          0         10
         76:        a7     18            15768          0         10
         77:        a7     19                0          0         10
         78:        a7     19                0          0          0
         79:        a8      0          3680256    3680256          0
         80:        a8      0          3680606    3680606          0
         81:        a8      0         81563950   81563950          0
         82:        a8      0                1          1          0
         83:        a8      0         14722424   14722424          0
         84:        a8      0        130808008  130808008          0
         85:        a7      2             4096          0          1
         86:        a8      2                1          0          1
         87:         0      0                0          0          0
         88:        a8      2            16022          0          1
         89:         0      0                0          0          0
         90:         0      0                0          0          0
         91:         0      0                0          0          0
         92:        a8      2             4096          0          1
         93:        a7      2         99809424          0          1
         94:        a7      2             8680          8          1
         95:        a7     18             1086          1          0
         96:        a7     18         99818104          8          0
         97:         0      0                0          0          0
         98:         0      0                0          0          0
         99:        a7     18            86280          0          0
        100:        a8     17            86632          0          3
        101:        a7      2            16021          0          3
        102:        a7      2           709176          0          3
        103:        a7      2              349          0          3
        104:        a7      2        535742832          0          3
        105:        a8     17             1420          0          3
        106:        a7      0        535742832  535742832          7
        107:        a8     17  18446744073709547216          0          3
        108:        a7      0           705080     705080          7
        109:        a7      0             4096       4096          7
        110:        a7      0           709176     709176          7
        111:        a7      0             2048       2048          6
        112:        a8     17           709176          0          3
        113:        a7      0             1797       1797          6
        114:        a7      0          3680256       2048          3
        115:        a7     18        116085584          0          3
        116:         0      0                0          0          0
        117:        a7      0              350          3          3
        118:        a7     18               87          0          3
        119:         0      0                0          0          0
        120:         0      0                0          0          0
        121:         0      0                0          0          0
        122:         0      0                0          0          0
        123:         0      0                0          0          0
        124:        a7      0          3680606       2051          2
        125:        a7      0         14722424       8204          2
        126:        a7      0        130808008       8204          2
        127:        a7      0               82         -5          2
VPQ entry #:   PC(hex)   PCtag(hex)   PCindex(hex)
         80:     15154             a8              55
         81:     15158             a8              56
         82:     15160             a8              58
         83:     15170             a8              5c
         84:     15174             a8              5d
         85:     15178             a8              5e
         86:     15190             a8              64
         87:     15194             a8              65
         88:     15198             a8              66
         89:     1519c             a8              67
         90:     151a0             a8              68
         91:     151a4             a8              69
         92:     151a8             a8              6a
         93:     151ac             a8              6b
         94:     151b0             a8              6c
         95:     151b4             a8              6d
         96:     151b8             a8              6e
         97:     151bc             a8              6f
         98:     151c0             a8              70
         99:     151c4             a8              71
        100:     15280             a9              20
        101:     15284             a9              21
        102:     15244             a9              11
        103:     15248             a9              12
        104:     1524c             a9              13
        105:     15250             a9              14
        106:     15254             a9              15
        107:     15258             a9              16
        108:     1525c             a9              17
        109:     15260             a9              18
        110:     14fa8             a7              6a
        111:     14fb0             a7              6c
        112:     14fb4             a7              6d
        113:     14fb8             a7              6e
        114:     14fbc             a7              6f
        115:     14fc4             a7              71
        116:     14fc8             a7              72
        117:     14fcc             a7              73
        118:     14fd4             a7              75
        119:     14fd8             a7              76
        120:     14ff0             a7              7c
        121:     14ff4             a7              7d
        122:     14ff8             a7              7e
        123:     14ffc             a7              7f
        124:     15190             a8              64
        125:     15194             a8              65
        126:     15198             a8              66
        127:     1519c             a8              67
        128:     151a0             a8              68
        129:     151a4             a8              69
        130:     151a8             a8              6a
        131:     151ac             a8              6b
        132:     151b0             a8              6c
        133:     151b4             a8              6d
        134:     151b8             a8              6e
        135:     151bc             a8              6f
        136:     151c0             a8              70
        137:     151c4             a8              71
        138:     15280             a9              20
        139:     15284             a9              21
        140:     15244             a9              11
        141:     15248             a9              12
        142:     1524c             a9              13
        143:     15250             a9              14
        144:     15254             a9              15
        145:     15258             a9              16
        146:     1525c             a9              17
        147:     15260             a9              18
        148:     14fa8             a7              6a
        149:     14fb0             a7              6c
        150:     14fb4             a7              6d
        151:     14fb8             a7              6e
        152:     14fbc             a7              6f
        153:     14fc4             a7              71
        154:     14fc8             a7              72
        155:     14fcc             a7              73
        156:     14fd4             a7              75
        157:     14fd8             a7              76
        158:     14ff0             a7              7c
        159:     14ff4             a7              7d
        160:     14ff8             a7              7e
        161:     14ffc             a7              7f
        162:     15190             a8              64
        163:     15194             a8              65
        164:     15198             a8              66
        165:     1519c             a8              67
        166:     151a0             a8              68
        167:     151a4             a8              69
        168:     151a8             a8              6a
        169:     151ac             a8              6b
        170:     151b0             a8              6c
        171:     151b4             a8              6d
        172:     151b8             a8              6e
        173:     151bc             a8              6f
        174:     151c0             a8              70
        175:     151c4             a8              71
        176:     15280             a9              20
        177:     15284             a9              21
        178:     15244             a9              11
        179:     15248             a9              12
        180:     1524c             a9              13
        181:     15250             a9              14
        182:     15254             a9              15
        183:     15258             a9              16
        184:     1525c             a9              17
        185:     15260             a9              18
        186:     14fa8             a7              6a
        187:     14fb0             a7              6c
        188:     14fb4             a7              6d
        189:     14fb8             a7              6e
        190:     14fbc             a7              6f
        191:     14fc4             a7              71
        192:     14fc8             a7              72
        193:     14fcc             a7              73
        194:     14fd4             a7              75
        195:     14fd8             a7              76
-------- DEBUG: retired instruction count = 4000
SVP entry #:   tag(hex)   conf   retired_value   stride   instance
          0:         0      0                0          0          0
          1:         0      0                0          0          0
          2:         0      0                0          0          0
          3:         0      0                0          0          0
          4:         0      0                0          0          0
          5:         0      0                0          0          0
          6:        a8      5              351          1          0
          7:        a8      5             1796          0          0
          8:        a8      5              351          1          0
          9:        a8      5             1796          0          0
         10:        a8      5             2047          0          0
         11:        a8      5  18446744073709551264         -1          0
         12:        a8      5  18446744073709549819          0          0
         13:        a8      5  18446744073709551615          0          0
         14:        a8      5  18446744073709551615          0          0
         15:        a8      5              351          1          0
         16:        a8      5             1796          0          0
         17:        a9     26             2688          0          0
         18:        a8      0              353        353          0
         19:        a8      0             1798       1798          0
         20:        a8      0              351        351          0
         21:        a8      0             1796       1796          0
         22:        a9      0             1797          1          0
         23:        a8      0              353        353          0
         24:        a8      0             4096       4096          0
         25:        a8      5           709176          0          0
         26:        a8      5             2047          0          0
         27:        a8      5             1798          0          0
         28:        a8      5             2047          0          0
         29:         0      0                0          0          0
         30:        a8      5             1798          0          0
         31:        a8      5             1798          0          0
         32:        a8      0         77883344   77883344          0
         33:        a9     26              168          0          0
         34:        a8      5          9998336          0          0
         35:        a8      5             4096          0          0
         36:        a8      5             1799          0          0
         37:        a8      5                1          0          0
         38:        a8      5         10000000          0          0
         39:        a8      5              354          1          0
         40:        a8      5           709176          0          0
         41:         0      0                0          0          0
         42:        a8      0              351          0          1
         43:         0      0                0          0          0
         44:         0      0                0          0          0
         45:        a8      0          3680256          0          3
         46:        a8     31               87          0          3
         47:        a8      0          3680609          2          3
         48:        a8      0         81563953          2          3
         49:        a8      0         14722436          8          3
         50:        a8      0        130808020          8          3
         51:        a8      0               82         -5          3
         52:         0      0                0          0          0
         53:        a8      0            16022          1          0
         54:         0      0                0          0          0
         55:        a8      5            16021          0          0
         56:        a8      6                0          0          0
         57:         0      0                0          0          0
         58:        a7      0             4096       4096          4
         59:        a7      0           709176     709176          4
         60:        a7      0             2048       2048          4
         61:        a7      0         77883344   77883344          4
         62:        a7      0        535742800  535742800          4
         63:        a7      0          3680256    3680256          4
         64:         0      0                0          0          0
         65:         0      0                0          0          0
         66:        a8     23         77883344          0          3
         67:        a8     22             2048          0          4
         68:        a7      0             1797       1797          5
         69:        a7      0            15767      15767          5
         70:        a7      2              353          1          3
         71:        a7      0          3680609    3680609          4
         72:        a7      0         81563953      -2047          3
         73:        a7     23                1          0          3
         74:        a7     23           705081          0         13
         75:        a7     23                1          0         13
         76:        a7     23            15768          0         13
         77:        a7     24                0          0         13
         78:        a7     24                0          0          3
         79:        a7      0            15768      15768          4
         80:        a7      0              152        152          4
         81:        a7      0              152        152          4
         82:        a7      0             2432       2432          4
         83:        a7      0           707512     707512          4
         84:        a7      0             1090       1090          4
         85:        a7      0             4096       4096          4
         86:        a8      4                1          0          1
         87:         0      0                0          0          0
         88:        a8      4            16022          0          1
         89:         0      0                0          0          0
         90:         0      0                0          0          0
         91:         0      0                0          0          0
         92:        a8      4             4096          0          1
         93:        a7      0         99809424   99809424          4
         94:        a7      0             8720       8720          4
         95:        a7     23             1091          1          3
         96:        a7     23         99818144          8          3
         97:         0      0                0          0          0
         98:         0      0                0          0          0
         99:        a7     23            86280          0          3
        100:        a8     25            86632          0          1
        101:        a7      0            16021      16021          4
        102:        a7      0           709176     709176          4
        103:        a7      0              351        351          4
        104:        a7      0        535742832  535742832          4
        105:        a8     25             1420          0          1
        106:        a7      0        535742832  535742832          1
        107:        a8     25  18446744073709547216          0          1
        108:        a7      0           705080     705080          1
        109:        a7      0             4096       4096          0
        110:        a7      0           709176     709176          0
        111:        a7      0             2048       2048          0
        112:        a8     25           709176          0          0
        113:        a7      0             1797       1797          0
        114:        a7      0          3680256       2048          0
        115:        a7     26        116085584          0          0
        116:         0      0                0          0          0
        117:        a7      0              352          3          0
        118:        a7     26               87          0          0
        119:         0      0                0          0          0
        120:         0      0                0          0          0
        121:         0      0                0          0          0
        122:         0      0                0          0          0
        123:         0      0                0          0          0
        124:        a7      0          3680608       2051          0
        125:        a7      0         14722432       8204          0
        126:        a7      0        130808016       8204          0
        127:        a7      0               82         -5          0
VPQ entry #:   PC(hex)   PCtag(hex)   PCindex(hex)
        198:     1510c             a8              43
        199:     15110             a8              44
        200:     15114             a8              45
        201:     1511c             a8              47
        202:     150a8             a8              2a
        203:     150b4             a8              2d
        204:     150b8             a8              2e
        205:     150bc             a8              2f
        206:     150c0             a8              30
        207:     150c4             a8              31
        208:     150c8             a8              32
        209:     150cc             a8              33
        210:     150e8             a8              3a
        211:     150ec             a8              3b
        212:     150f0             a8              3c
        213:     150f4             a8              3d
        214:     150f8             a8              3e
        215:     150fc             a8              3f
        216:     14ee8             a7              3a
        217:     14eec             a7              3b
        218:     14ef0             a7              3c
        219:     14ef4             a7              3d
        220:     14ef8             a7              3e
        221:     14efc             a7              3f
        222:     14f10             a7              44
        223:     14f14             a7              45
        224:     14f18             a7              46
        225:     14f1c             a7              47
        226:     14f20             a7              48
        227:     14f24             a7              49
        228:     14f28             a7              4a
        229:     14f2c             a7              4b
        230:     14f30             a7              4c
        231:     14f34             a7              4d
        232:     14f38             a7              4e
        233:     14f3c             a7              4f
        234:     14f40             a7              50
        235:     14f44             a7              51
        236:     14f48             a7              52
        237:     14f4c             a7              53
        238:     14f50             a7              54
        239:     14f54             a7              55
        240:     14f74             a7              5d
        241:     14f78             a7              5e
        242:     14f7c             a7              5f
        243:     14f80             a7              60
        244:     14f8c             a7              63
        245:     14f94             a7              65
        246:     14f98             a7              66
        247:     14f9c             a7              67
        248:     14fa0             a7              68
        249:     15108             a8              42
        250:     1510c             a8              43
        251:     15110             a8              44
        252:     15114             a8              45
        253:     150b4             a8              2d
        254:     150b8             a8              2e
        255:     150bc             a8              2f
        256:     150c0             a8              30
        257:     150c4             a8              31
        258:     150c8             a8              32
        259:     150cc             a8              33
        260:     150e8             a8              3a
        261:     150ec             a8              3b
        262:     150f0             a8              3c
        263:     150f4             a8              3d
        264:     150f8             a8              3e
        265:     150fc             a8              3f
        266:     14ee8             a7              3a
        267:     14eec             a7              3b
        268:     14ef0             a7              3c
        269:     14ef4             a7              3d
        270:     14ef8             a7              3e
        271:     14efc             a7              3f
        272:     14f10             a7              44
        273:     14f14             a7              45
        274:     14f18             a7              46
        275:     14f1c             a7              47
        276:     14f20             a7              48
        277:     14f24             a7              49
        278:     14f28             a7              4a
        279:     14f2c             a7              4b
        280:     14f30             a7              4c
        281:     14f34             a7              4d
        282:     14f38             a7              4e
        283:     14f3c             a7              4f
        284:     14f40             a7              50
        285:     14f44             a7              51
        286:     14f48             a7              52
        287:     14f4c             a7              53
        288:     14f50             a7              54
        289:     14f54             a7              55
        290:     14f74             a7              5d
        291:     14f78             a7              5e
        292:     14f7c             a7              5f
        293:     14f80             a7              60
        294:     14f8c             a7              63
        295:     14f94             a7              65
        296:     14f98             a7              66
        297:     14f9c             a7              67
        298:     14fa0             a7              68
        299:     15108             a8              42
          0:     1510c             a8              43
          1:     15110             a8              44
          2:     15114             a8              45
          3:     150b4             a8              2d
          4:     150b8             a8              2e
          5:     150bc             a8              2f
          6:     150c0             a8              30
          7:     150c4             a8              31
          8:     150c8             a8              32
          9:     150cc             a8              33
         10:     150e8             a8              3a
         11:     150ec             a8              3b
         12:     150f0             a8              3c
         13:     150f4             a8              3d
         14:     150f8             a8              3e
         15:     150fc             a8              3f
         16:     14ee8             a7              3a
         17:     14eec             a7              3b
         18:     14ef0             a7              3c
         19:     14ef4             a7              3d
         20:     14ef8             a7              3e
         21:     14efc             a7              3f
         22:     14f10             a7              44
         23:     14f14             a7              45
         24:     14f18             a7              46
         25:     14f1c             a7              47
         26:     14f20             a7              48
         27:     14f24             a7              49
         28:     14f28             a7              4a
         29:     14f2c             a7              4b
         30:     14f30             a7              4c
         31:     14f34             a7              4d
         32:     14f38             a7              4e
         33:     14f3c             a7              4f
         34:     14f40             a7              50
         35:     14f44             a7              51
         36:     14f48             a7              52
         37:     14f4c             a7              53
         38:     14f50             a7              54
         39:     14f54             a7              55
         40:     14f74             a7              5d
         41:     14f78             a7              5e
         42:     14f7c             a7              5f
         43:     14f80             a7              60
         44:     14f8c             a7              63
         45:     14f94             a7              65
         46:     14f98             a7              66
         47:     14f9c             a7              67
         48:     14fa0             a7              68
         49:     15108             a8              42
         50:     1510c             a8              43
         51:     15110             a8              44
         52:     15114             a8              45
         53:     1511c             a8              47
         54:     1513c             a8              4f
         55:     15140             a8              50
         56:     15144             a8              51
         57:     15148             a8              52
         58:     1514c             a8              53
         59:     15150             a8              54
         60:     15154             a8              55
         61:     15158             a8              56
         62:     15160             a8              58
         63:     15170             a8              5c
         64:     15174             a8              5d
         65:     15178             a8              5e
         66:     15190             a8              64
         67:     15194             a8              65
         68:     15198             a8              66
         69:     1519c             a8              67
         70:     151a0             a8              68
         71:     151a4             a8              69
         72:     151a8             a8              6a
         73:     151ac             a8              6b
         74:     151b0             a8              6c
-------- DEBUG: retired instruction count = 5000
SVP entry #:   tag(hex)   conf   retired_value   stride   instance
          0:         0      0                0          0          0
          1:         0      0                0          0          0
          2:         0      0                0          0          0
          3:         0      0                0          0          0
          4:         0      0                0          0          0
          5:         0      0                0          0          0
          6:        a8      6              352          1          1
          7:        a8      6             1796          0          1
          8:        a8      6              352          1          1
          9:        a8      6             1796          0          1
         10:        a8      6             2047          0          1
         11:        a8      6  18446744073709551263         -1          1
         12:        a8      6  18446744073709549819          0          1
         13:        a8      6  18446744073709551615          0          1
         14:        a8      6  18446744073709551615          0          1
         15:        a8      6              352          1          1
         16:        a8      6             1796          0          1
         17:        a9     31             2688          0          1
         18:        a9      1           707768          0          2
         19:        a9      1         92868880          0          2
         20:        a9      1           705080          0          2
         21:        a9      1         92878168         -8          2
         22:        a9      0             1796         -1          1
         23:        a9      0              351          0          2
         24:        a9      1             9280         -8          2
         25:        a8      6           709176          0          1
         26:        a8      6             2047          0          1
         27:        a8      6             1798          0          1
         28:        a8      6             2047          0          1
         29:         0      0                0          0          0
         30:        a8      6             1798          0          1
         31:        a8      6             1798          0          1
         32:        a9      1              151          0          2
         33:        a9     31              168          0          1
         34:        a8      6          9998336          0          1
         35:        a8      6             4096          0          1
         36:        a8      6             1799          0          1
         37:        a8      6                1          0          1
         38:        a8      6         10000000          0          1
         39:        a8      6              355          1          1
         40:        a8      6           709176          0          1
         41:         0      0                0          0          0
         42:        a8      1              352          0          2
         43:         0      0                0          0          0
         44:         0      0                0          0          0
         45:        a8      1          3682304          0          4
         46:        a8     31               87          0          4
         47:        a8      1          3682658          1          4
         48:        a8      1         81566002          1          4
         49:        a8      1         14730632          4          4
         50:        a8      1        130816216          4          4
         51:        a8      2               82          0          4
         52:         0      0                0          0          0
         53:        a8      0            16022          1          3
         54:         0      0                0          0          0
         55:        a8      6            16021          0          1
         56:        a8      7                0          0          1
         57:         0      0                0          0          0
         58:        a7      0             4096       4096          0
         59:        a7      0           709176     709176          0
         60:        a7      0             2048       2048          0
         61:        a7      0         77883344   77883344          0
         62:        a7      0        535742800  535742800          0
         63:        a7      0          3682304    3682304          0
         64:         0      0                0          0          0
         65:         0      0                0          0          0
         66:        a8     30         77883344          0          0
         67:        a8     30             2048          0          0
         68:        a8      0        116085584  116085584          0
         69:        a8      0              355        355          3
         70:        a7      1              354          1          0
         71:        a8      0             1799       1799          1
         72:        a7      1         81566002          1          0
         73:        a7     30                1          0          0
         74:        a7     30           705081          0         10
         75:        a7     30                1          0         10
         76:        a7     30            15768          0         10
         77:        a7     31                0          0         10
         78:        a7     31                0          0          0
         79:        a8      0          3680256    3680256          0
         80:        a8      0          3680609    3680609          0
         81:        a8      0         81563953   81563953          0
         82:        a8      0                1          1          0
         83:        a8      0         14722436   14722436          0
         84:        a8      0        130808020  130808020          0
         85:        a8      0           705081     705081          0
         86:        a8      6                1          0          0
         87:         0      0                0          0          0
         88:        a8      6            16022          0          0
         89:         0      0                0          0          0
         90:         0      0                0          0          0
         91:         0      0                0          0          0
         92:        a8      6             4096          0          0
         93:        a8      0           709176     709176          0
         94:        a8      0             1857       1857          0
         95:        a7     30             1098          1          0
         96:        a7     30         99818200          8          0
         97:         0      0                0          0          0
         98:         0      0                0          0          0
         99:        a7     30            86280          0          0
        100:        a8     31            86632          0          0
        101:        a8      2             9280         -8          0
        102:        a8      2           705080          0          0
        103:        a8      2           709176          0          0
        104:        a8      2  18446744073709551608          0          0
        105:        a8     31             1420          0          0
        106:        a8      0           705000     705000          0
        107:        a8     31  18446744073709547216          0          1
        108:        a7      0           705080     705080          1
        109:        a7      0             4096       4096          1
        110:        a7      0           709176     709176          1
        111:        a7      0             2048       2048          1
        112:        a8     31           709176          0          1
        113:        a7      0             1796       1796          1
        114:        a7      0          3678208      -2048          1
        115:        a7     31        116085584          0          1
        116:         0      0                0          0          0
        117:        a7      0              351          0          1
        118:        a7     31               87          0          1
        119:         0      0                0          0          0
        120:         0      0                0          0          0
        121:         0      0                0          0          0
        122:         0      0                0          0          0
        123:         0      0                0          0          0
        124:        a7      0          3678559      -2048          1
        125:        a7      0         14714236      -8192          1
        126:        a7      0        130799820      -8192          1
        127:        a7      1               87          0          1
VPQ entry #:   PC(hex)   PCtag(hex)   PCindex(hex)
         27:     151ac             a8              6b
         28:     151b0             a8              6c
         29:     151b4             a8              6d
         30:     151b8             a8              6e
         31:     151bc             a8              6f
         32:     151c0             a8              70
         33:     151c4             a8              71
         34:     15280             a9              20
         35:     15284             a9              21
         36:     15244             a9              11
         37:     15248             a9              12
         38:     1524c             a9              13
         39:     15250             a9              14
         40:     15254             a9              15
         41:     15258             a9              16
         42:     1525c             a9              17
         43:     15260             a9              18
         44:     14fa8             a7              6a
         45:     14fb0             a7              6c
         46:     14fb4             a7              6d
         47:     14fb8             a7              6e
         48:     14fbc             a7              6f
         49:     14fc4             a7              71
         50:     14fc8             a7              72
         51:     14fcc             a7              73
         52:     14fd4             a7              75
         53:     14fd8             a7              76
         54:     14ff0             a7              7c
         55:     14ff4             a7              7d
         56:     14ff8             a7              7e
         57:     14ffc             a7              7f
         58:     15018             a8               6
         59:     1501c             a8               7
         60:     15020             a8               8
         61:     15024             a8               9
         62:     15028             a8               a
         63:     1502c             a8               b
         64:     15030             a8               c
         65:     15034             a8               d
         66:     15038             a8               e
         67:     1503c             a8               f
         68:     15040             a8              10
         69:     15048             a8              12
         70:     1504c             a8              13
         71:     15050             a8              14
         72:     15054             a8              15
         73:     1505c             a8              17
         74:     15060             a8              18
         75:     15064             a8              19
         76:     15068             a8              1a
         77:     1506c             a8              1b
         78:     15070             a8              1c
         79:     15078             a8              1e
         80:     1507c             a8              1f
         81:     15080             a8              20
         82:     15088             a8              22
         83:     1508c             a8              23
         84:     15090             a8              24
         85:     15094             a8              25
         86:     15098             a8              26
         87:     1509c             a8              27
         88:     150a0             a8              28
         89:     150a8             a8              2a
         90:     150b4             a8              2d
         91:     150b8             a8              2e
         92:     150bc             a8              2f
         93:     150c0             a8              30
         94:     150c4             a8              31
         95:     150c8             a8              32
         96:     150cc             a8              33
         97:     150d4             a8              35
         98:     150dc             a8              37
         99:     150e0             a8              38
        100:     15114             a8              45
        101:     150b4             a8              2d
        102:     150b8             a8              2e
        103:     150bc             a8              2f
        104:     150c0             a8              30
        105:     150c4             a8              31
        106:     150c8             a8              32
        107:     150cc             a8              33
        108:     150d4             a8              35
        109:     15114             a8              45
        110:     150b4             a8              2d
        111:     150b8             a8              2e
        112:     150bc             a8              2f
        113:     150c0             a8              30
        114:     150c4             a8              31
        115:     150c8             a8              32
        116:     150cc             a8              33
        117:     150d4             a8              35
        118:     15114             a8              45
        119:     1511c             a8              47
        120:     150a8             a8              2a
        121:     150b4             a8              2d
        122:     150b8             a8              2e
        123:     150bc             a8              2f
        124:     150c0             a8              30
        125:     150c4             a8              31
        126:     150c8             a8              32
        127:     150cc             a8              33
-------- DEBUG: retired instruction count = 6000
SVP entry #:   tag(hex)   conf   retired_value   stride   instance
          0:         0      0                0          0          0
          1:         0      0                0          0          0
          2:         0      0                0          0          0
          3:         0      0                0          0          0
          4:         0      0                0          0          0
          5:         0      0                0          0          0
          6:        a8      8              354          1          0
          7:        a8      8             1796          0          0
          8:        a8      8              354          1          0
          9:        a8      8             1796          0          0
         10:        a8      8             2047          0          0
         11:        a8      8  18446744073709551261         -1          0
         12:        a8      8  18446744073709549819          0          0
         13:        a8      8  18446744073709551615          0          0
         14:        a8      8  18446744073709551615          0          0
         15:        a8      8              354          1          0
         16:        a8      8             1796          0          0
         17:        a9     31             2688          0          3
         18:        a8      0              356        356          3
         19:        a8      0             1798       1798          3
         20:        a8      0              354        354          3
         21:        a8      0             1796       1796          3
         22:        a9      0             1797          1          3
         23:        a8      0              356        356          3
         24:        a8      0             4096       4096          3
         25:        a8      8           709176          0          0
         26:        a8      8             2047          0          0
         27:        a8      8             1798          0          0
         28:        a8      8             2047          0          0
         29:         0      0                0          0          0
         30:        a8      8             1798          0          0
         31:        a8      8             1798          0          0
         32:        a8      0         77883344   77883344          3
         33:        a9     31              168          0          3
         34:        a8      8          9998336          0          0
         35:        a8      8             4096          0          0
         36:        a8      8             1799          0          0
         37:        a8      8                1          0          0
         38:        a8      8         10000000          0          0
         39:        a8      8              357          1          0
         40:        a8      8           709176          0          0
         41:         0      0                0          0          0
         42:        a8      1              354          0          0
         43:         0      0                0          0          0
         44:         0      0                0          0          0
         45:        a8      1          3682304          0          0
         46:        a8     31               87          0          0
         47:        a8      1          3682660          1          0
         48:        a8      1         81566004          1          0
         49:        a8      1         14730640          4          0
         50:        a8      1        130816224          4          0
         51:        a8      2               82          0          0
         52:         0      0                0          0          0
         53:        a8      0            16022          1          0
         54:         0      0                0          0          0
         55:        a8      8            16021          0          0
         56:        a8      9                0          0          0
         57:         0      0                0          0          0
         58:        a7      0             4096       4096          0
         59:        a7      0           709176     709176          0
         60:        a7      0             2048       2048          0
         61:        a7      0         77883344   77883344          0
         62:        a7      0        535742800  535742800          0
         63:        a7      0          3682304    3682304          0
         64:         0      0                0          0          0
         65:         0      0                0          0          0
         66:        a8     31         77883344          0          1
         67:        a8     31             2048          0          1
         68:        a7      0             1798       1798          0
         69:        a7      0            15767      15767          0
         70:        a7      1              356          1          0
         71:        a7      1          3682660          1          0
         72:        a7      1         81566004          1          0
         73:        a7     31                1          0          0
         74:        a7     31           705081          0         10
         75:        a7     31                1          0         10
         76:        a7     31            15768          0         10
         77:        a7     31                0          0         10
         78:        a7     31                0          0          0
         79:        a7      2            15768          0          1
         80:        a7      2              152          0          1
         81:        a7      2              152          0          1
         82:        a7      2             2432          0          1
         83:        a7      2           707512          0          1
         84:        a7      2             1105          1          1
         85:        a7      2             4096          0          1
         86:        a8      7                1          0          1
         87:         0      0                0          0          0
         88:        a8      7            16022          0          1
         89:         0      0                0          0          0
         90:         0      0                0          0          0
         91:         0      0                0          0          0
         92:        a8      7             4096          0          1
         93:        a7      2         99809424          0          1
         94:        a7      2             8840          8          1
         95:        a7     31             1105          1          1
         96:        a7     31         99818256          8          1
         97:         0      0                0          0          0
         98:         0      0                0          0          0
         99:        a7     31            86280          0          1
        100:        a8     31            86632          0          3
        101:        a7      1            16021          0          4
        102:        a7      1           709176          0          4
        103:        a7      1              354          0          4
        104:        a7      1        535742832          0          4
        105:        a8     31             1420          0          3
        106:        a7      0        535742832  535742832          6
        107:        a8     31  18446744073709547216          0          3
        108:        a7      0           705080     705080          6
        109:        a7      0             4096       4096          6
        110:        a7      0           709176     709176          6
        111:        a7      0             2048       2048          6
        112:        a8     31           709176          0          3
        113:        a7      0             1797       1797          5
        114:        a7      0          3680256       2048          2
        115:        a7     31        116085584          0          2
        116:         0      0                0          0          0
        117:        a7      0              355          3          2
        118:        a7     31               87          0          2
        119:         0      0                0          0          0
        120:         0      0                0          0          0
        121:         0      0                0          0          0
        122:         0      0                0          0          0
        123:         0      0                0          0          0
        124:        a7      0          3680611       2051          2
        125:        a7      0         14722444       8204          2
        126:        a7      0        130808028       8204          2
        127:        a7      0               82         -5          2
VPQ entry #:   PC(hex)   PCtag(hex)   PCindex(hex)
        162:     14f7c             a7              5f
        163:     14f80             a7              60
        164:     14f8c             a7              63
        165:     14f94             a7              65
        166:     14f98             a7              66
        167:     14f9c             a7              67
        168:     14fa0             a7              68
        169:     15108             a8              42
        170:     1510c             a8              43
        171:     15110             a8              44
        172:     15114             a8              45
        173:     1511c             a8              47
        174:     1513c             a8              4f
        175:     15140             a8              50
        176:     15144             a8              51
        177:     15148             a8              52
        178:     1514c             a8              53
        179:     15150             a8              54
        180:     15154             a8              55
        181:     15158             a8              56
        182:     15160             a8              58
        183:     15170             a8              5c
        184:     15174             a8              5d
        185:     15178             a8              5e
        186:     15190             a8              64
        187:     15194             a8              65
        188:     15198             a8              66
        189:     1519c             a8              67
        190:     151a0             a8              68
        191:     151a4             a8              69
        192:     151a8             a8              6a
        193:     151ac             a8              6b
        194:     151b0             a8              6c
        195:     151b4             a8              6d
        196:     151b8             a8              6e
        197:     151bc             a8              6f
        198:     151c0             a8              70
        199:     151c4             a8              71
        200:     15280             a9              20
        201:     15284             a9              21
        202:     15244             a9              11
        203:     15248             a9              12
        204:     1524c             a9              13
        205:     15250             a9              14
        206:     15254             a9              15
        207:     15258             a9              16
        208:     1525c             a9              17
        209:     15260             a9              18
        210:     14fa8             a7              6a
        211:     14fb0             a7              6c
        212:     14fb4             a7              6d
        213:     14fb8             a7              6e
        214:     14fbc             a7              6f
        215:     14fc4             a7              71
        216:     14fc8             a7              72
        217:     14fcc             a7              73
        218:     14fd4             a7              75
        219:     14fd8             a7              76
        220:     14ff0             a7              7c
        221:     14ff4             a7              7d
        222:     14ff8             a7              7e
        223:     14ffc             a7              7f
        224:     15190             a8              64
        225:     15194             a8              65
        226:     15198             a8              66
        227:     1519c             a8              67
        228:     151a0             a8              68
        229:     151a4             a8              69
        230:     151a8             a8              6a
        231:     151ac             a8              6b
        232:     151b0             a8              6c
        233:     151b4             a8              6d
        234:     151b8             a8              6e
        235:     151bc             a8              6f
        236:     151c0             a8              70
        237:     151c4             a8              71
        238:     15280             a9              20
        239:     15284             a9              21
        240:     15244             a9              11
        241:     15248             a9              12
        242:     1524c             a9              13
        243:     15250             a9              14
        244:     15254             a9              15
        245:     15258             a9              16
        246:     1525c             a9              17
        247:     15260             a9              18
        248:     14fa8             a7              6a
        249:     14fb0             a7              6c
        250:     14fb4             a7              6d
        251:     14fb8             a7              6e
        252:     14fbc             a7              6f
        253:     14fc4             a7              71
        254:     14fc8             a7              72
        255:     14fcc             a7              73
        256:     14fd4             a7              75
        257:     14fd8             a7              76
        258:     14ff0             a7              7c
        259:     14ff4             a7              7d
        260:     14ff8             a7              7e
        261:     14ffc             a7              7f
        262:     15190             a8              64
        263:     15194             a8              65
        264:     15198             a8              66
        265:     1519c             a8              67
        266:     151a0             a8              68
        267:     151a4             a8              69
        268:     151a8             a8              6a
        269:     151ac             a8              6b
        270:     151b0             a8              6c
        271:     151b4             a8              6d
        272:     151b8             a8              6e
        273:     151bc             a8              6f
        274:     151c0             a8              70
        275:     151c4             a8              71
        276:     15280             a9              20
        277:     15284             a9              21
        278:     15244             a9              11
        279:     15248             a9              12
        280:     1524c             a9              13
        281:     15250             a9              14
        282:     15254             a9              15
        283:     15258             a9              16
        284:     1525c             a9              17
        285:     15260             a9              18
        286:     14fa8             a7              6a
        287:     14fb0             a7              6c
        288:     14fb4             a7              6d
        289:     14fb8             a7              6e
        290:     14fbc             a7              6f
-------- DEBUG: retired instruction count = 7000
SVP entry #:   tag(hex)   conf   retired_value   stride   instance
          0:         0      0                0          0          0
          1:         0      0                0          0          0
          2:         0      0                0          0          0
          3:         0      0                0          0          0
          4:         0      0                0          0          0
          5:         0      0                0          0          0
          6:        a8     10              356          1          0
          7:        a8     10             1796          0          0
          8:        a8     10              356          1          0
          9:        a8     10             1796          0          0
         10:        a8     10             2047          0          0
         11:        a8     10  18446744073709551259         -1          0
         12:        a8     10  18446744073709549819          0          0
         13:        a8     10  18446744073709551615          0          0
         14:        a8     10  18446744073709551615          0          0
         15:        a8     10              356          1          0
         16:        a8     10             1796          0          0
         17:        a9     31             2688          0          0
         18:        a8      0              358        358          0
         19:        a8      0             1798       1798          0
         20:        a8      0              356        356          0
         21:        a8      0             1796       1796          0
         22:        a9      0             1797          1          0
         23:        a8      0              358        358          0
         24:        a8      0             4096       4096          0
         25:        a8     10           709176          0          0
         26:        a8     10             2047          0          0
         27:        a8     10             1798          0          0
         28:        a8     10             2047          0          0
         29:         0      0                0          0          0
         30:        a8     10             1798          0          0
         31:        a8     10             1798          0          0
         32:        a8      0         77883344   77883344          0
         33:        a9     31              168          0          0
         34:        a8     10          9998336          0          0
         35:        a8     10             4096          0          0
         36:        a8     10             1799          0          0
         37:        a8     10                1          0          0
         38:        a8     10         10000000          0          0
         39:        a8     10              359          1          0
         40:        a8     10           709176          0          0
         41:         0      0                0          0          0
         42:        a8      0              356          0          1
         43:         0      0                0          0          0
         44:         0      0                0          0          0
         45:        a8      0          3680256          0          3
         46:        a8     31               87          0          3
         47:        a8      0          3680614          2          3
         48:        a8      0         81563958          2          3
         49:        a8      0         14722456          8          3
         50:        a8      0        130808040          8          3
         51:        a8      0               82         -5          3
         52:         0      0                0          0          0
         53:        a8      0            16022          1          0
         54:         0      0                0          0          0
         55:        a8     10            16021          0          0
         56:        a8     11                0          0          0
         57:         0      0                0          0          0
         58:        a7      0             4096       4096          3
         59:        a7      0           709176     709176          3
         60:        a7      0             2048       2048          3
         61:        a7      0         77883344   77883344          3
         62:        a7      0        535742800  535742800          3
         63:        a7      0          3680256    3680256          3
         64:         0      0                0          0          0
         65:         0      0                0          0          0
         66:        a8     31         77883344          0          3
         67:        a8     31             2048          0          3
         68:        a7      0             1797       1797          3
         69:        a7      0            15767      15767          3
         70:        a7      2              358          1          3
         71:        a7      0          3680614    3680614          3
         72:        a7      0         81563958      -2047          3
         73:        a7     31                1          0          3
         74:        a7     31           705081          0         13
         75:        a7     31                1          0         13
         76:        a7     31            15768          0         14
         77:        a7     31                0          0         14
         78:        a7     31                0          0          4
         79:        a8      0          3680256    3680256          4
         80:        a8      0          3680612    3680612          4
         81:        a8      0         81563956   81563956          3
         82:        a8      0                1          1          3
         83:        a8      0         14722448   14722448          3
         84:        a8      0        130808032  130808032          3
         85:        a8      0           705081     705081          3
         86:        a8      9                1          0          0
         87:         0      0                0          0          0
         88:        a8      9            16022          0          0
         89:         0      0                0          0          0
         90:         0      0                0          0          0
         91:         0      0                0          0          0
         92:        a8      9             4096          0          0
         93:        a8      0           709176     709176          3
         94:        a8      0             1857       1857          3
         95:        a7     31             1110          1          3
         96:        a7     31         99818296          8          3
         97:         0      0                0          0          0
         98:         0      0                0          0          0
         99:        a7     31            86280          0          3
        100:        a8     31            86632          0          0
        101:        a8      2             9184         -8          3
        102:        a8      2           705080          0          3
        103:        a8      2           709176          0          3
        104:        a8      2  18446744073709551608          0          3
        105:        a8     31             1420          0          0
        106:        a7      0        535742832  535742832          0
        107:        a8     31  18446744073709547216          0          0
        108:        a7      0           705080     705080          0
        109:        a7      0             4096       4096          0
        110:        a7      0           709176     709176          0
        111:        a7      0             2048       2048          0
        112:        a8     31           709176          0          0
        113:        a7      0             1797       1797          0
        114:        a7      0          3680256       2048          0
        115:        a7     31        116085584          0          0
        116:         0      0                0          0          0
        117:        a7      0              357          3          0
        118:        a7     31               87          0          0
        119:         0      0                0          0          0
        120:         0      0                0          0          0
        121:         0      0                0          0          0
        122:         0      0                0          0          0
        123:         0      0                0          0          0
        124:        a7      0          3680613       2051          0
        125:        a7      0         14722452       8204          0
        126:        a7      0        130808036       8204          0
        127:        a7      0               82         -5          0
VPQ entry #:   PC(hex)   PCtag(hex)   PCindex(hex)
        278:     14f30             a7              4c
        279:     14f34             a7              4d
        280:     14f38             a7              4e
        281:     14f3c             a7              4f
        282:     14f40             a7              50
        283:     14f44             a7              51
        284:     14f48             a7              52
        285:     14f4c             a7              53
        286:     14f50             a7              54
        287:     14f54             a7              55
        288:     14f74             a7              5d
        289:     14f78             a7              5e
        290:     14f7c             a7              5f
        291:     14f80             a7              60
        292:     14f8c             a7              63
        293:     14f94             a7              65
        294:     14f98             a7              66
        295:     14f9c             a7              67
        296:     14fa0             a7              68
        297:     15108             a8              42
        298:     1510c             a8              43
        299:     15110             a8              44
          0:     15114             a8              45
          1:     1511c             a8              47
          2:     150a8             a8              2a
          3:     150b4             a8              2d
          4:     150b8             a8              2e
          5:     150bc             a8              2f
          6:     150c0             a8              30
          7:     150c4             a8              31
          8:     150c8             a8              32
          9:     150cc             a8              33
         10:     150e8             a8              3a
         11:     150ec             a8              3b
         12:     150f0             a8              3c
         13:     150f4             a8              3d
         14:     150f8             a8              3e
         15:     150fc             a8              3f
         16:     14ee8             a7              3a
         17:     14eec             a7              3b
         18:     14ef0             a7              3c
         19:     14ef4             a7              3d
         20:     14ef8             a7              3e
         21:     14efc             a7              3f
         22:     14f10             a7              44
         23:     14f14             a7              45
         24:     14f18             a7              46
         25:     14f1c             a7              47
         26:     14f20             a7              48
         27:     14f24             a7              49
         28:     14f28             a7              4a
         29:     14f2c             a7              4b
         30:     14f30             a7              4c
         31:     14f34             a7              4d
         32:     14f38             a7              4e
         33:     14f3c             a7              4f
         34:     14f40             a7              50
         35:     14f44             a7              51
         36:     14f48             a7              52
         37:     14f4c             a7              53
         38:     14f50             a7              54
         39:     14f54             a7              55
         40:     14f74             a7              5d
         41:     14f78             a7              5e
         42:     14f7c             a7              5f
         43:     14f80             a7              60
         44:     14f8c             a7              63
         45:     14f94             a7              65
         46:     14f98             a7              66
         47:     14f9c             a7              67
         48:     14fa0             a7              68
         49:     15108             a8              42
         50:     1510c             a8              43
         51:     15110             a8              44
         52:     15114             a8              45
         53:     150b4             a8              2d
         54:     150b8             a8              2e
         55:     150bc             a8              2f
         56:     150c0             a8              30
         57:     150c4             a8              31
         58:     150c8             a8              32
         59:     150cc             a8              33
         60:     150e8             a8              3a
         61:     150ec             a8              3b
         62:     150f0             a8              3c
     